timestamp,partition,randomness_hex,pfid
0,0,00000000000000000000,00000000000000000000000000000000
0,0,ffffffffffffffffffff,0000000000000000zzzzzzzzzzzzzzzz
0,1073741823,00000000000000000000,0000000000zzzzzz0000000000000000
0,1073741823,ffffffffffffffffffff,0000000000zzzzzzzzzzzzzzzzzzzzzz
281474976710655,0,00000000000000000000,7zzzzzzzzz0000000000000000000000
281474976710655,0,ffffffffffffffffffff,7zzzzzzzzz000000zzzzzzzzzzzzzzzz
281474976710655,1073741823,00000000000000000000,7zzzzzzzzzzzzzzz0000000000000000
281474976710655,1073741823,ffffffffffffffffffff,7zzzzzzzzzzzzzzzzzzzzzzzzzzzzzzz
1,1,00000000000000000000,00000000010000010000000000000000
1,1,ffffffffffffffffffff,0000000001000001zzzzzzzzzzzzzzzz
1,1073741822,00000000000000000000,0000000001zzzzzy0000000000000000
281474976710654,1,00000000000000000000,7zzzzzzzzy0000010000000000000000
0,1,00000000000000000000,00000000000000010000000000000000
0,100,00000000000000000000,00000000000000340000000000000000
0,1000,00000000000000000000,00000000000000z80000000000000000
0,10000,00000000000000000000,00000000000009rg0000000000000000
0,100000,00000000000000000000,00000000000031n00000000000000000
0,1000000,00000000000000000000,000000000000ygj00000000000000000
0,10000000,00000000000000000000,000000000009h5m00000000000000000
0,100000000,00000000000000000000,00000000002zbr800000000000000000
0,500000000,00000000000000000000,0000000000ewts800000000000000000
0,1073741823,00000000000000000000,0000000000zzzzzz0000000000000000
1,0,00000000000000000000,00000000010000000000000000000000
1000,0,00000000000000000000,00000000z80000000000000000000000
1000000,0,00000000000000000000,000000ygj00000000000000000000000
1000000000,0,00000000000000000000,0000xsnjg00000000000000000000000
1000000000000,0,00000000000000000000,00x3aaa4000000000000000000000000
1234567890000,0,00000000000000000000,013xrzp12g0000000000000000000000
281474976710654,0,00000000000000000000,7zzzzzzzzy0000000000000000000000
1234567890000,123456789,00000000000000000000,013xrzp12g3nqk8n0000000000000000
1234567890000,123456789,ffffffffffffffffffff,013xrzp12g3nqk8nzzzzzzzzzzzzzzzz
211106355004229,786718108,33e1548bc0816c3b9b00,60003msgt5qe8qcw6fgn92y0g5p3q6r0
261152406408861,874656076,4149bef8d983bea26882,7dgh46n3mxt24cac854vxy6sgeza4t42
169703790534749,1031075691,47c0d7151cc90c3a032a,4tb0z2dr2xyq9xvb8z0de58ws463m0sa
262053291027668,238301665,bc26e5c0db461c0ad538,7ear4n5v6m738cf1qgkebg6v8re0nn9r
256374184703104,870792210,172072dc73dbfd183fb9,795f23ax40syef0j2wg75q3kvfyhgfxs
165193774033405,147736488,4b68a86572c3421d140f,4p7rp3gtfx4cwhx89dmagsbjrd11t50f
7673636363919,458800392,0775477d6a4a19039f06,06zam5x7mfdnhf880xtmezba98cg77r6
201987306849710,38468958,565a6219c355a034c28d,5qpkats1de14nzayasd646e3apg39gmd
113113894102305,1061221713,1ca94a19448f02a9a291,36w1gqm991zm1xah3jmmm6a4hw1ak8mh
251566303526572,765807530,2709f0c5bc978fbb9023,74shc2hfncptajxa4w4z1hdwjy7vq413
58679864423232,715263327,5945f732a2b35e2c459a,1nbsw7jwt0na43azb52zecn2pdf2rhct
266584796936825,226695089,07691bc5c5e8cea058bd,7jeme1zeks6r65xh0xmhqhe5x37a0p5x
7364021366994,585605644,657746746d255b8d19fd,06pa8y1c6jhef8gccnvmcx3d4ndrt6fx
97009020066567,944402337,6ab412db2e270893a1ad,2r7ap2wpr7w4mvx1dat15pse4w4978dd
267738433506965,796960919,3a2eb5182b58a06c13f7,7kg6v3hkmnqr1a4q78qba61bb2g6r4zq
87468474787389,224684815,58d1cfbd2018a674df82,2fhnbnwshx6p8trfb38wzf9032k79qw2
275984347540370,552156014,04e3322419e44a5be069,7v06efzawjgejeve0khk490swh55qr39
27293215396859,559784248,87d15c22a81eef56fa7d,0rtas6h4zvgnv89rgz8nr8n83vqndykx
41597479092075,781185270,836aa04e9261a3ad33cf,15tmnfdzvbq8zw7pgdna0kmjc6httcyf
190908912998165,529775518,39ff9e1f1d2e2f9f4638,5dm5rz35rnfs7ewy77zsw7rx5rqsyhhr
154620398414636,376645624,f671616a6dca6c959002,4cm1eyrascb769zrysrp2tkds9p9b402
271572451289554,633003347,9608be318a090418d50b,7pzshqttejjvnqakjr4bwcca1421hn8b
134671840054639,115251339,447ee0573789b48d7d0f,3tfexk03bf3dx64b8hze0nsqh6t8tz8f
36872988073849,456084110,c6df15ab51a8290184d7,11h4mnp7vsdjyjmervfhbathn0mg316q
185722385448471,607771227,198bef377fe5b6544b2f,58x7eczfgqj3kpjv365yydvzwpv58jsf
42070854801579,21341098,94b3c71b4e316c50fe77,168dh5p65b0mb8xajjswe6te65p51zkq
270562490485421,133273108,1e9b64c6f7767d02aefc,7p2cyj52nd3z35gm3tdp9hqqesyg5bqw
44115293258113,150602924,cecad33adb13e88ae7d1,183xj64gc14fm15csv5d6epv2fm8nsyh
176464616801114,832898543,7be42f81ed79a96e4976,50fsfcsgttrta1ffffj2z0fdf6mpwjbp
258826806318136,631156094,daa91d1102c4ee2abffd,7bcv7xjn1rjsxbbyvamht482rkq2nfzx
243070369563909,976233695,caf6faf1c355d24dd47e,6x28xgh185x3096zsbvfnwe3aq94vn3y
193884623570549,84797744,a92ab27d75d4c7718187,5gas41v1kn2gvt9gn4nb4zbntk3q30c7
39716096726912,50588514,4ada13936e96101c9ccf,143wfxcnw01g7tv29bd174vejr81s76f
195441220582771,1048288016,2f83d3f3b1b0031def12,5hr2t8dzbkz7q6rg5y1x7wxhp01hvvrj
53429887587576,1014313095,2dd99ee26425fac02dc1,1gk0eqgn7ry7ac475qcsxrk44qxc0be1
226327006918102,462499514,abc50e96333537a406e7,6dtzedkdepds2bntnf2gx5hk6mvt81q7
135211765042239,320145771,26abc2fecf836ce67d24,3tz5rkk31z9ha2bb4tnw5zpfgdpecz94
138845570176097,32511786,86bfe86a1f96e9ee2051,3y8y0e75310z05sagtzygtgzjvmyw82h
137258501934709,632501446,14f41abefed8b67f272f,3wtqy403knjv6d662kt1nfqyv2v7y9sf
62562354801643,3721701,1986a87cd14e07906e86,1rwsqeyazb03hjf5363agz6h9r3s0vm6
10418745894455,958674452,36af92355ebc485f2c12,09f76tbshqwj8dgm6tqs4dayqh45yb0j
193412952385203,374066357,db9a0e0d021fd462d534,5fx1v54snkb4qk5nved0w3823za65n9m
29520001370763,869826495,c9038d5461ee31995a65,0tv4mk42mbsxgzxzs41rtn31xrrsjpk5
150179179240676,384043476,7897827c337ea735e8b5,48js8a3774be82emf2br4z1kftkkbt5n
72485809068722,1028281014,7f75c6e3931a151c9026,21xkned6njymmmnpfxtwdrwk38ahs416
59446745161707,408292780,dbe7cedb3b1fd2cb74f0,1p24321qzbc5c3dcvfkwxpsv3z9cpx7g
255507808877666,290386650,e4f7351f99af624fec71,78c862yz328mxwptwkvka7wsnxh4zv3h
80258687524373,393213455,c6dce23beab2896d795d,28ztq8yqgnbpzxgfrvee4ezapa4ptyax
90828200278334,575235630,682f59247de1ca683fc5,2jkeb9sy9yh4jshed0qnj93xw756gfy5
114773450903240,144682640,795a8599d47346e6d5a0,38cb3cakp849zbmgf5d8b6emed3ednd0
79527327180647,774692864,0ffbec172ec1afc99705,28ahk1c9v7q2sr001zxyr5ser6qwk5r5
97048485408136,937650488,5a80cad1b9d04e1a3d51,2r8fe7zbc8vy6t9rba0cnmdst171mfah
28132748796638,179946977,b450a7f95da69b32217c,0sjrn7z8py5bkhf1ph8afyaxmtdk48bw
110651961564509,1029886141,1a85b7764a2fc49d2bbc,34mcndsqaxyp5m5x3a2vexja5z29taxw
93725797691008,912919518,bd129f9aa26076243b13,2n7rye1bm0v6m2yyqm99z6n2c1v28erk
242413165237600,904785427,918ba9c527f1ec240d03,6wf4v9mnb0tyvvgkj65tkh97y7p28383
204260523115517,806659170,b5c33f8727ffaaa8f467,5srrdyr0zxr19932pq1kz1s7zynahx37
76947977558591,159767109,36b56b2672f3585d9708,25zfcdwphz4rbpj56ttpp9kjydc5v5r8
168585590789798,750340438,a386e06ea91b1856bd25,4safj41nn6pbjjapme3e0vn93cc5df95
87567879596897,434754310,754c91c22fdeaff91d8e,2fmhy5ptv1cykmr6en693ghfvtqzj7ce
182615154684902,77471879,5c358a26c9486e69dec7,562skpswz629w847bgtrm9p991q6kqp7
104966511977320,1061850241,d52b8bfa37946ec7a0e9,2zexnthrv8zmn341tmnrqyhqjhqcf879
103711500446104,922273595,546d980d2dd2e85be792,2yacvj9acrvfhhsvahpsg39dtbm5qswj
133174460806251,351578057,6a1925cd8c5cd4574714,3s3wc6vx3baf99y9d8cjbkccbka5ehrm
81115457367324,153923719,b3ad04be4f098f3dba4e,29rrn0bb8w4jsc47pepg9fjf167kveje
82448931102951,824650494,6f1d1cde81126c5de808,2azjhm0877rjeaqydwehsqm129p5vt08
78549753668329,922191003,7cf77d6697ec0dc86e73,27e352m8q9vff14vfkvqtsmqxg6wgvkk
210893633463153,675983609,86ecec05578f9cd93b9e,5zst01q8vhm4nc7sgvper1aqhyedjewy
66696189030247,800130034,26942044284d9f7a12fe,1wn3nafbv7qv20zj4ta20h189pfqm4qy
162826536841495,479162498,d15fca62e6d5e667a3d1,4m2w0y6w8qe8yw42t5fwmrq6tqk6f8yh
5543147508038,478152087,26623282c0ba06f4b8c8,051aend4a6e801cq4sh350p0q83f9e68
129232467488690,990047808,b70974cf5fe13264a306,3nh53n2vxjxg5vj0pw4q9ktzw4s698r6
162631399831326,25813398,e66429b776c474362b2f,4kx69d1xry0rkrcpwsj2kdvprht3casf
48155928629078,720060018,690392713c7e41b236a0,1bsgpga3tpnepfkjd41s4w9wfs0v4dn0
124319110893844,974163352,6e14112aab7026d16ad7,3h2567348mx113crdra12anbe0kd2tpq
109914692692360,613665936,9529e20dac8ce373cb90,33yy13dac8j97k4gjmmy43dchkhq7jwg
85843859338410,870866368,372a5d9f00c34bf78098,2e2cabvx5asygqe06wn5v7r0rd5zf04r
133090140004630,1018814899,2b52e6b0a63f0e2ed2ea,3s1dv8988pybkrdk5d9edc567w72xmqa
62114703951373,1037064811,85c771d8081229424bf9,1rfrtdthgdyx0pkbgq3q3p0828mm4jzs
7462380769611,906603127,6d8d1501bc5634cac0ab,06s5w8w4abv0kakqdp6ha0dwartcng5b
197865897593313,86725335,c3996c9d54077e87c13f,5kymz8m2f12jpmpqrecps7am0xz8fg9z
56450572559018,535476171,7e4aacb776f47c252147,1kaxp568nafyndybfs5asdvpyhy2a8a7
102797094773960,398071125,71122fc870ee52216fa4,2xfs852s68bvm5ane492zj3gxs922vx4
11982549989237,358138923,d3de41d208cfe6775300,0awqkt5dvnanhh1btff43mg8szk7emr0
164317626546945,721085566,a29aba12f38a42e51a17,4ne8pw5er1nfns3ymadbm4qkh91ea6gq
206898315052099,349375804,c4ca7a0f56daa8a5dd1f,5w5h295h23ad639wrk57m3tpvamabq8z
72724968348139,18866214,4afe973248a94240fad2,224jcyf6fb0hzr169bz9ecj8n5141ypj
53223973802100,564850489,e520b40b2ef0c56439f6,1gd0p0tm3mgtnvsswmgb82sey32p8efp
4134262251286,708607025,9e700dde622f0c6270ed,03raakq7rpn3rz1hksr0vqk25w664w7d
5635287383486,870579669,32f85819031cea5d2da0,05408mtzdysy7zen6bw5g6833kn5tbd0
189761019391399,440987648,cad44070e64be2c9ae07,5cjrq2ebd7d4hw00sba40w769fhckbg7
181883419456528,340114815,e8ae1ce7e65a024eff56,55dg49px0ga4bfbzx2q1ssz6b814xztp
122667788262312,675806121,878397e00245cab060cc,3fj38z3px8m4fyx9gy1sfr028q5b0r6c
209329751936552,401374593,6fdfa4a90e327bbf230d,5yc9gr2kh8byrzc1dzft9a8e69xvy8rd
24558628677744,416514611,633474b6b412a1fd248d,0par05da3gcd70hkcct79dnm2agzt94d
150711145646434,310700112,8df7f959fcbe9dae87c1,4928p4sjb2989t2ghqvzjpfwqtetx1y1
145665971664185,982035736,f479c63f77910ce87e6c,44fe07yd9sx8hb8ryhwwcfvqj46egzkc
192653152344448,672918632,4fba873a71f5a778e01e,5f6y7bbpc0m1qv389yx8eekhypkqhr0y
92193841099264,537403577,ec0e342d3d8457e46cdb,2kv66jccg0g0g85sxg738b9xghby8v6v
184595019715496,429439821,348acca69c7cff15d4b3,57wdg97mx8cshetd6j5cs9mwfkzhbn5k
195776538883087,200132767,a0addb7697eb4aa1eb18,5j1v3gwd0f5yvj4zm2pxpxmqxd5a3trr
126867623817369,383195805,110898c01de0e075579d,3kcantdc4sbde6mx2449hg0xw3g7anwx
94745891820682,844219090,1b4b50febb8dcefc276a,2p5ezkkn4as53gpj3d5n1znvhq7fr9va
2257950133581,326920464,bda3b9c464390fd74c43,021pw51kad9qrt8gqphvkh34747xek23
261240489317263,236857067,cca9503fd34c12799037,7dk35924wf71w9qbsjmn0fyk9g97k41q
187124173144417,41270576,2a8ebf106ef9a5ae9a37,5a60yxx0b117bf9g5a7by43ez6jtx6hq
122912051157725,426689899,db23912bd71b5ce9f6ff,3fs6rjbppxcpxhbbvchs2ayq3deekxqz
68012179047366,48839421,e73937a3c563ae48b66f,1xvd8wbgy61ejeqxwwwkf8y5ceq4hdkf
176772552788694,135185055,6283c1655fad40428fac,50rr8ke2pp40xgmzca1w2saznn0453xc
33218752110025,376892265,3b1ba7c57dd52cfd7a77,0y6sbypqe9b7dtv97cdtfhbxtmpftykq
117567084098059,90260109,9dcbcfc3dc717134469d,3axmw4hwgb2p2gmdkq5wzgywe5rk8hmx
2782379544514,84694821,020d4de5f4d77c482685,02gz9bx3y22grns5086mvsfmtxy4g9m5
233618911793886,383731985,90395260d664c2de1919,6mf6j404pybdyj8hj0wn4r6pck1dw68s
111463090064585,406611064,172dc7d69d06f5dc0a74,35c02y7369c3rs3r2wpwfnmx0vtxr2km
86715183894702,775469070,7a16997f1441a357973f,2evqsvq45eq3he0ef8b9jzrm86hnf5sz
275922021464702,756978986,701867a771453604d555,7tycd16ekyphx59ae0c6f9vh8mv09nan
7931870290203,1027604307,5a7c06e6d6a9cea2342c,076v44z88vykzztkb9y0dsppn77a4d1c
87525619734370,535937646,fe71bd81a4a5c1071e7a,2fkajqj5v2fz3gkezsrvv0d4mq0ge7kt
236257474957240,639280759,241cadbd2fa6029a3fbc,6pvzxdxkxrk1n9kq4geavf9fmr19mfxw
69550460808381,526018129,20f863a6c5a507d47824,1z85x85b5xfnmsjh43w679p5mm3x8y14
142390334819202,470579829,af156dcb68329c98777f,41g3an72w2e0ryknnwapvjv86ae9gxvz
256833569854923,342491745,4717fe8eabd13b5a43fb,79jtwv55eba6m0k18wbzx3nbt4xnmgzv
231635255665109,812461497,8c133725ca913d4a1941,6jnf4j38enr6tbdshg9ke9eaj4ymm6a1
163083791410992,67178477,225b70b4ea67a8064510,4mabkq99sg2023zd49dq1d7acym0ch8g
260154070145867,700968702,8de6f6519b24c94feefc,7ckfbf06tbmwfvqyhqkfcmcv4k4mzvqw
186512441430545,606386372,2bcd9bb5c1c280ab63be,59m77x2mghj29e645f6sqde1ra0aprxy
105228595792774,858039439,ee7b5c99c735a2bf07ec,2zphrh52w6sj994fxsxns6e76phby1zc
65799278155557,356245150,8e231166347249f641c4,1vv0b9kns5akqqmyhrhh2shme94zcge4
192180967452831,519079795,23520057c7f2f6ad772f,5es6f4rc4zff11vk4d900ny7ybvatxsf
32804933043345,988947241,612796013071e8ca0e09,0xtqz6314hxf48s9c4ksc09ge7mcm3g9
186073368461480,37176875,053594c94cfba2248569,597eagf05813ehhb0mts9jaczeh291b9
40572357659524,357817075,3f5da836bc121779a234,14wsyfejw4an7pqk7xetgdnw28bqk8hm
281381860760392,12291597,5a9d898aed22c6b004af,7zx98xppt80bq3gdbaerk2qd4b3b015f
281101589698421,287342264,aabd8f04de4b1939fcdf,7zn486cnvn8j0znrnayry16y9cckkz6z
153997914333403,80257531,41ef33ad73055d30df42,4c1xqfnr6v2ch8fv87qk7bbk0nek1qt2
61764975844105,480371242,f95865e5eb6c2732b58f,1r5k3q3pr9ea3rhaz5c6bsfbdgkk5dcf
49382025742514,384843219,253e832cf25e0e1b2e35,1cx6k1mj5jbf0fek4mz86b7jbr71pbhn
51941510162103,158842228,f7554e7c556360d9da2d,1f7p9m69nq4qffbmyxamwz2ncdgdkphd
108685369229436,912510125,dc9bc6b1aebfae6130f5,32v54d6g3wv67k5dvjdwdcdeqyq62c7n
39270682213686,292124697,b8839347ef09a778a368,13pxnh0f9p8pjy0sq21s6hzf16kqh8v8
148553798016844,244462063,5adcecb0f5e63688e7d6,473fg5rqtc794cffbbeesc7nwrv8hsyp
266789682310645,574249898,510ca05482a68d6f43b2,7jmk83wvfnh3mpxaa46a0n42mt6pygxj
247630203081863,1017553206,26ae9079faec74786b74,716zk4mn47yad89p4tq90yftxht7gtvm
116276733051447,128064687,1aeef853fec5720b72b2,39r34nx0hq3t475f3bqfgmzyrns0pwnj
26462021911562,974725454,69839d77d4a2576b5d52,0r24npn10ax1j8aed61stxymm9bppqaj
192669873385063,907514194,7c295bee1ba445331c6a,5f7dsnsbk7v1f4ajfgmnqvgvmh2k673a
143450717373565,218783202,73129f32789cd755578e,42eywgth3x6gmqf2ec99yckrkkbnanwe
94439677450504,841115798,f4e7b5982d74f5541709,2nwhsptp88s24t4pykkvb61dektn85r9
225701935240380,304702212,220f78b88a2b69994539,6d8s9tsn5w92jrr4487qhe4a5dmsjh9s
196626768672025,764997945,43bd809185714cf75a6d,5jtjyb6d8spshw9s8eyr14c5e56fepkd
208152268308271,263586544,04661fd1320c6ee4c32b,5xa0x05zsf7vc0qg0hk1zm9j1hqe9gsb
222651573592525,8408600,d9c44de92458d2cbb39f,6ag0dz7red080kgrv724vt94b39cqcwz
34868201166679,505755011,9b1e4fb56a4e508dbeda,0zpshbx5tqf2adc3kcf4zdba9s88vfpt
210328307356950,432004837,810eaf6dc55f7804e904,5z9bg0qn8pcvzqq5g47ayve5bxw09t84
250610326332354,223468301,bded1acc749c7ecbcea5,73xq1qmry26n3prdqqphnk3mkhzcqkn5
163321790386012,13118145,874f6b887ad5099590e8,4mh98msktw0cgap1gx7pq23ttm4sb478
81155967874336,627150355,0a4d6a2b30c5250081ea,29syca5x90jp33gk196pmasgrmjg10fa
189058263888076,544923433,c3df2b322988fe15eabf,5bya7ajc6cg7nqs9rffjpch9h3z1btnz
113483145018416,414860481,264d281436d20b575123,376sd8qz1gcbmh614s6jg51pt85nem93
243005893581944,71765757,08d32458e3328d90e868,6x0cvze73r24e3qx139j8p736a6s1t38
42112325209461,944032331,5220b36c7ed440c4de3a,169m52ykbnw49jjba8gb6v3yth0c9qht
234252422102514,772147457,c4a12c0c83aa5c4a8d67,6n1mj6gffjq0c281rjgjr343n9e4n3b7
132315848936098,358227176,ac10d2d8bbd02b566a8c,3rawqjs2n2anm778ng8d5p5vt0nnctmc
149806290377,1049841707,be33982ec273e8e85736,004bgjd5e9z96m1bqrssgbp2efmegnsp
108966677888772,305320472,f4e4adf2178763c691ff,333b421fr4935mgrykjavwgqgxhwd4fz
159868286385558,371201751,66f69b6d7679576f6497,4hcry6qfcpb205pqcvv9pvbpf5bpys4q
246583345106098,944102747,a9ce108b8e11932c5bb1,708gmb2k5jw4bqavn77112we269jrpxh
36158326326514,229123850,376cd38e3ee613c8c2fb,10wb234h7j6tg9ra6xpd73hywr9whgqv
11224024230794,264413128,b1a5e5ac4f7e4613d74c,0a6n5zmawa7w57y8p6jybb2ffs317ntc
199562306815105,344419564,48f83bd5b3e940cc5120,5ng0w6h141a8ev7c93w3qndkx50crm90
271220101308316,943425445,12266384f20cccac9722,7pnhcwpqwww3q1x528k6717j1k6as5s2
34922286439343,873313337,5c41994dc7735f1802c8,0zrbx7mpxft0vd1sbh0sjke7edfhg0p8
111076252333859,497831979,646f03937b80b8b9b45b,350qt90ds3etrm1bchqg74vvg2wbkd2v
274403154402494,772781274,c1e8d5b1055784393830,7sj5v8p75yq0zd6tr7mdbc85ay23je1g
72224227797363,862745469,d59e5eefd812806c8bca,21p01q2abksprwvxtpf5xvyr2a06s2ya
18445839470120,358062185,d293d1d65817cd310b7c,0grv0vb3h8anf639ta9x3njr2z6k22vw
164798712243726,909870473,82c6d7de133ad98d418e,4nw8rb7sgev3q1c9gb3dfqgk7bcrtgce
101150240112188,655024676,1fd34b863c47d5b228f2,2vzvg22zhwkgnrh43z9mq1hw8zav4a7j
244314147635133,473688956,5aea5959d12e6ccfc57d,6y6f8zqfxxe3qtvwbbn5jpeh5spczhbx
99367133191926,508853973,12cb7d12e811b78f4edb,2tbyvat7qpf58zpn2b5qt4q826vrykpv
162703707765683,853237936,035a413e54f180a05907,4kz9mb8yxksdpr5g0dd42fjmy60a0p87
196840485405480,284977624,6ea8e727d43a75a16113,5k0szkbgs88frterdtmee9ym79tt2r8k
275403491105028,842865584,3b00920fef9724485401,7tf9fm3p84s3t6xg7c0943zfjwj4gn01
32781039186047,322511264,b0b15e5a8182318517cd,0xt1q34c3z9kj8d0p2rnwpm1g8rra5yd
12861978380782,797931822,83a497a7b308749d66b6,0bpamte2feqryy9egej9f9xk11t9tsnp
12299523457070,545606898,f0e5fe50abf067cc50d2,0b5ytbm01eg8ak7jy3jzwm5by1kwrm6j
266969384617090,51344695,1e4df636cf2dd2122af0,7jstknc1421gyx9q3s6zcdpf5q914aqg
55517661362308,626874603,30468e0fc4a4ac7df0b3,1jfrv7qy44jntp7b6138w3y4mjp7vw5k
156852109944833,474024712,f43432f54beb510a41ba,4emzx4qa01e422r8ygt35xabxd8gmgdt
88785617977801,909986866,aeee6a28ae9dc7279edc,2gr01kh0e9v3tk1jnvq6ma5ekq3jf7pw
169654438575336,440753510,3d3df9cba1d1c60ccb28,4t9k08qf78d4aqb67myzkjx1t730sjs8
225172814044375,921134946,98369ab9371040350eb7,6cscgsg76qveesv2k0v9ne9q2103a3nq
38299431503780,649030474,a8986eae24a067dceb35,12tn4051x4kayttan2c6xbh4m1kxstsn
189157929707692,104293833,1679a86fd981d704d96f,5c171k9t5c33ese92swtgvysg7bg9pbf
149230690209273,520963125,80aff70100ec3ecfe253,47q5x4f3fsfgth1ng2qze080xgzczrjk
229009887407075,1046236658,ce2207ef4c2501ed6a6d,6g922ftaz3z5rkfjsrh0fvtc4m0yttkd
21023984937265,722953551,fe3d93807ecafd02bcc6,0k3w3jet9hnhesafzrys703ysbyg5f66
40337323688975,324942248,af4567f02419eb17dc66,14nz1xk10f9nwed8nx2pfw1437nhfq36
44474552843756,994295501,41b9523dff1aa2077a94,18ec4yrzfcxm7fpd86wn4ffz3ah0eymm
95191945042270,988002178,d931bcb77b00086ccbca,2pjed13payxe7dw2v4rvsdvv0046sjya
229104548482769,387872631,d6139d3e60504f1b2ee5,6gbt7kn3phbhwxvqtr9stfk0a17hpbq5
91741441426300,686838050,54fc23add0826cdb10bf,2ke0w0e0vwmf0m92aky27begg9pdp45z
115637383349464,654186029,d28aafcd8f3e4aa38ea2,395fpjgh6rkfw5hdta5azkcf7s5a73n2
205636639466922,1044579807,8f2342bfe37b18b5745f,5v0t1dj9daz461ezhwhm5fz3fccbax2z
220812664956607,949786274,e36c09aa1711c5daccd2,68tft79snzw9s5n2wdp0kagq272xnk6j
244355810687247,13087327,347bf4049a5a007a1887,6y7p2mpy8f0cfcjz6hxz814tb807m647
222935134624584,248870868,457cfc3d93c15d21e98d,6ar8gr3pt87daxym8nyfrfckr5ej3tcd
251814200967630,589135311,7d2ed0368a6031076812,750r7zz0eehhtzeffmqd0dmac0rget0j
66174059382176,984611301,886f3efbbad89c770df8,1w5xcmv1d0xazyf5h1qkxyxtv2e7e3fr
199600102696871,619639264,ad0d28f9ad83568b68c6,5nh42kfsx7jexwf0nm6jhyddgdb8pt66
203590128461062,811644659,e87b5c2b12b171ce0d58,5s582mjs86r61dqkx1xnrarjp5rww3ar
161687363472290,834540277,eb660309962894d624a4,4k1q2xtjx2rvw4qnxdk062cp52adc954
180652842608310,210707855,5f0298ab4a45b85ff3a9,549p285snp68y9cfbw19hata8pw5zwx9
34948312567594,671388030,9194c78199261e8bc76d,0zs44w33sam094byj6acf0cs4rf8qhvd
163311785365607,746060095,6b980b61676187e5b630,4mgzyf8m37p7fy9zdec0prb7c63ybdhg
166019975246872,396386864,ee9cdb5e71242bb94e28,4pzt4tcx0rbt0rhgxtedpqkh4gnvjkh8
40830425805925,309950257,e13b64a05e9bce42d0ba,154a9gdd3597jxshw4xp982ykf745m5t
238297447686559,857768169,6146796043d98df95c7c,6rqbsbgrczsj1079c537jr23v66zjq3w
4698231824287,632303904,e909d02fb21596a7a949,048qj70qwzjv0c90x44x0bxj2pbafaa9
212799757563103,548381050,ab072dc79744683a9c1e,61h96zad6zgaz8btnc3jvhwq8hm3n70y
240570911285730,763365985,9d0724aa62da09956409,6tsh3vbrf2pr02k1km3j9ak2v84sas09
246436916176574,718384604,40d9f0901f6d2948e803,70488dj9nynd3bew83cz140zdmmmht03
15199704877859,686641172,e26a179c3f4351024e54,0dtbtg52s3metm0mw9n1f71z8d8g4kjm
155023170825114,954803652,e0cb09ae70a9e98355ba,4czrjgetwtwej9e4w35gkbkgn7mr6ndt
120732314456557,872241233,a450002d365c609d052a,3dsrqbemfdsztp2hmh800b9pbhg9t19a
155769733810833,175887918,58d668598da43b058d35,4dnfvtd2mh57qnheb3b6gpcdmgxgb39n
171592737618807,132686186,45bb80a4294ab21556f4,4w2062qyvq3yh8ba8pxr19199as1anqm
19318804404469,697164672,ef8cf3723d90babb39a8,0hj817jp7nmrvrw0xy6f6whxj2xbped8
95768255810344,540850232,0b77878dfa6fbbfebff6,2q374dwjs8g3se1r1dvrf3ftdyxzxfzp
229051756391395,874797914,e660281ecfa4a0e690a6,6ga9296az3t28pttwsg2g7pfmjged456
217574100087907,852110358,5dcc6e5952c69b127a37,65w7nf5d33scmb0pbq66wpajrtdh4yhq
10626734701818,468394579,0b25b500d2783627e59c,09n8xbyf7tdyp8jk1cjva06jf0v2fscw
247309503863324,375554789,7e15a73d9da997ff5d57,70xmxj16gwb650q5fratefcxn6bzyqaq
214719669070732,825944808,6fccc84df38113ba9643,63958sktwcrkntq8dz6cgkfkg49vn5j3
98158934765032,724176352,6942a4dd2d6f904af10a,2s8sm70bf8njm3f0d51a9q9ddy84nw8a
126532546436442,569855330,33746084fee8ef082a40,3k2jkqq7atgzekb26dt6117yx3qggaj0
154360706034816,224075077,c8e318a612787fb8d41f,4ccfkgsv406np7a5s3hhh9gjf1zvhn0z
159010328734837,332714544,047402ce54b48ed0fc1a,4gksx2hv3n9x9mhg0ht05kjmpj7d1z0t
155638955862115,270411686,d14cbdaf9b7093dcefa3,4dhp2att3381w9x6t56bvbwve29xsvx3
263666144456678,490953431,06a9e00ec32fa9a9b0ea,7fsp7e2bz6em6ppq0tmy03p35ymtkc7a
272332986862496,568321064,50e73c45d3ed3e995157,7qnxvf2jx0gxzs18a3kkrhekxmz9jmaq
198243322662500,230041030,ab1765936ebc7c31b1e9,5m9mfd73k46vc9e6ncbpb4veqhy33cf9
105763272857705,417798903,4ec1aacabba97b05cb2e,3063q4y639cee6qq9v0tnjnvn5xgbjse
171433146020973,579618634,d01645437ee44dedcf89,4vxbhwax3dh8rhtat0b4agvywh6yvkw9
22056784404588,583194863,cf9bc8ffbcdd93ea9b96,0m1xzcs83chc5p7fsydwhzxwvp9yn6wp
243430957145370,652701244,b1fa90167e3c787c0ef5,6xcrqvmq8tkeevhwp7x905ky7hw7r3qn
103847612983739,785399591,325fad9318c3f7f9d570,2yebm1aadvqd0fs769ftv4rrrfvzknbg
24628528473807,206431863,5d5c11c3737c508cd6c3,0pcs3b1spf64vskqbne13gvkfh88snp3
191916481175845,2369346,d77e2f8ff444b9ffdfb8,5ehg4tzr950289t2txz2z3zm8jwzzqxr
19076295879590,999413056,6e1250167b52533a0296,0hb65xdtx6xs3na0dr9505kva99km0mp
7849622699543,14277036,381421bfb3b09f944b43,074egzhzgq0dkpdc70a23fxkp2fs8jt3
281300013959135,196807873,efcae8e8d4cfec26c6c5,7ztx1pghyz5vp361xz5eht6mszp2dhp5
109573376573752,860993945,33b5ddd089b39245fcdb,33n053009rsn3ecs6etxvm49pe94bz6v
225275697095509,999826701,d969ef4c5693a5a82621,6cwcaydrtnxsg98dv5myyk2pjejtg9h1
148501063702395,6752686,126233b14de6fbbdbb47,471ycjd5vv06e2de29h37cadwvxvvet7
151685763290738,221432284,5c60e7c5554177e24660,49ymc0knkj6k5jewbhgefhan85vy4hk0
145869967877353,100500077,7e6a9d75a498c976428b,44nbzsws792zv0kdfsn9txd4k34qcgmb
153934672617994,668472398,03cdae1d78216cfd794a,4c02tqnrgakxg52e0f6tw7br45pftyaa
182933802368378,861653804,67bc7f519d3b9adf6171,56c2c4xfbtsnqjsccyy7ymcx7eddyrbh
260456646168331,173599866,28a6db671fdc73a76f08,7cw94xzkrb55hv3t52kdpsrzvhstevr8
59964832519157,299711584,9fc5301117f4e64afecd,1ph6k8n4zn8xtf30kz2k048qykk4nzpd
220149300115037,657525326,b81b6a5b3ec01e7a68c9,68760d9djxkk22jeq0dpmpsyr0f7mt69
45335481776596,852245934,e9291a118cbcdfd8ca50,197dymjyemscrfdex4mhm4ccqkfxhjjg
219595698905475,720763764,55900b28271fc150718d,67q2dt18c3nfbyvmap80pa173z0n0wcd
43487392774121,957040421,a1d173804cd7c2b7313e,17hms9jdz9wgphs5m78q702ctz1bec9y
20642139874435,821707747,70bdc02cff848059d062,0jrrfpm943rfmgz3e2yw0b7zgj05km32
94726072681955,613380035,02cb22e2252b1d28d931,2p4wgykhf3j8yvy30b5j5rh55cejhp9h
237164331490685,655108842,1260f728b577d7b655f0,6qpcfvpqbxkgraqa29gfea5nezbvcnfg
105056837716547,602287914,efdc5e090d6494c31d96,2zhhsqwjj3hycbsaxze5w28dcjac67cp
153995484814194,544681604,781708c5dee1aa3ff616,4c1vf2ppvjg7ebm4f0bghheyw6n3zxgp
169894566127811,577066108,121c6b8bf44da0b003b0,4tgjmm6t63h6an3w28e6q2zm9pgb00xg
9080649633345,121550849,db44ab29a60b96fdd98c,08890eakj13kxe01vd2apad61ebfvpcc
130415789572911,628224128,08452282d9cd6af5bc06,3pkk5cz0sfjq3w40112j50pssnnfbf06
247876488880151,938538802,c26faa173fa250ea090f,71e4z12r0qvz1xsjr9qtm5szm98em28f
19978780965927,282330653,bb633974ec8f5e31938c,0j5ep28z178d81gxqdhkjx7chxf334wc
168163600031007,436826816,3e09f19f5401a9ed70ff,4ry6ht9q8zd0jwp07r4z37tm06mytw7z
70604358257488,397501326,546f2035df8df182c8d6,206vdv32tgbv2rweahqj0dezhqrr5j6p
175994062984841,418877440,a07e47d498b0058c7445,50237spnm9cff400m1z4fn4rp02rrx25
83082761495733,60434875,694bd60e73ec4e3b0386,2bj0v7rs5n1smadvd55xc3kkxh73p0w6
114150640251242,1053967722,6d92ab81e2c842578380,37t725swbazd4hbadp9aq0f2s115f0w0
260939701763090,350033454,feb1f96f2f2e1a1a771a,7dab13pf0jadt5heztrzjvsf5rd1mxrt
246811684577194,693349021,0864a9ed6b53c5351e49,70f59cj7xamn7amx11jakvbbaf2ka7j9
55923658364243,641684816,4d770d91e41be4e5cb1a,1jvjywn5akk3ynag9nvgv4f43fjebjrt
54354000281436,663406876,927e6012273cf7ef4a9c,1hdx3e1ztwkrnj8wj9z604h77kvyyjmw
182838714209968,739984554,3fb851d33a393349b6eb,5699t9s5ngp1ph5a7yw53mst74smkdqb
50328243059207,1046595704,39c5818fa74f746d5949,1drqtgseg7z63j3r772r33x79xt6tpa9
117097492326850,790930826,f133ba95142b2fe1c7d2,3afzh6yae2qj99cay4svn58m5cqy3hyj
87571745840316,552421128,8fe40246657b6559a0ad,2fmnhcv75wgethr8hzj04hk5fdjnk85d
141614460270671,16043677,49f6fce7869a2fe7c183,40sgqsjy2f0f9kmx97vfssw6k8qyfgc3
30235190706338,879874503,5d5aedf0c993e31cd48b,0vfypwtg52t73me7bndevw69jfhhsn4b
159301846317316,639492164,e20eca950f1997984dca,4gw9czce84k1vr24w87cn58f36bsgkea
5610661731729,866024201,a2651560c91b38bc4fe3,0539aqzqchsswyr9m9jhar693cwbrkz3
135832355045007,955655818,8022b114452f2dd87030,3vh7qmazmfwfc9mag0hb25255wpxgw1g
73830354506156,430144892,04f1df0ef125d017c4d5,234qw0vmdcct6zbw0krxy3qh4q81fh6n
225128514115534,529461664,60853248611e6947a74e,6cr38hsnyefrxwd0c22k4j313smmf9te
227632954266565,440808964,146f6aa21f5a6d9326d3,6f0zpp1my5d4cdg42hqpn8gzb9ps69pk
83202715533549,945465620,c73653d3f1a91a822ff2,2bngj4vg7dw5na8mrwv57mzhn4d84bzj
273916176158067,364093285,4321dd8ae265cf3dc571,7s40a61kbkav77v58cgxv2q2cq7kvhbh
147377422845914,999993002,238529ddd10a0909af52,4617xezhytxsnbna4e2jkqeh184gkbtj
11965072753553,168050559,a4d6b5dfba7711bf4e8a,0aw7ayjgwh508fvzmkbbbqxtew8vykma
248758609702242,802073338,a87103e362139eeaa828,727tg91vb2qwxaqtn1rg7rv22efena18
110075715963514,94125504,b8c04332557389912fa3,343kzz5jkt2srfe0q3046cjnee4s2bx3
238675293311707,627996803,0333f625bb9bc90d6bff,6s2bp164pvjpwy430cszc9dvkf4gttzz
29003597821510,698648281,bb02ab679708803025d0,0tc3pjadj6mt91psqc1apswq120309eg
217581820114290,781717143,a81f287047a492318685,65wevhhxbjq9g3mqn0fjgw27mj9331m5
9624520926589,667749309,b2ebabb8d837df8ba9c1,08r3h2d9bxkwt2xxpbntqe6r6zfrqae1
16410484169320,357903952,69ea8650ecf3800b8169,0exkeh8pk8anabjgd7n8cm7cye00q0b9
215399691948178,399535233,3c5c5fdb67885d79aeea,63wyk1z44jbx0v417he5zpv7h1eqkbqa
218542799049303,655423135,07b84f54f04745128aaa,66rdtyfmjqkh1xmz0yw4yn7g8x2h52na
117332741362050,4343356,88dce1b3ed04472c9dae,3aptm5x4c2044hhwh3ee3czd0h3js7de
99189457550232,630857448,4d7c969d889a139f7e79,2t6sc63ywrjsm7q89ny9d7c8k89syzks
74460479934706,147201616,a1a485feb54c4c8af352,23q2q79m7j4cc7jgm6j8bznn9h68nwtj
182418782611537,642551880,0b75e6fc582eb9a88913,55x2qbst2hk4s4281dtydz2r5twth28k
135019310500242,708590131,b35b91dce5b6f5e6cb72,3tsjh0mjcjn3rehkpdds3q75pvtydjvj
191328731638199,963424766,2e48ec12c47d57770b19,5e0crhbadqwpscfy5s4er4p4fnbqe2rs
150008763197611,103892418,da9d416ba1653c71ee6c,48dthgpa5b332he2vaem2tx1cmy73vkc
223509085332101,369546992,261d3626983e03cd2745,6b8z1t58m5b0dnqg4rekc9mr7r1wt9t5
279249593798838,314202391,6e5f460a57bf65eb9345,7xz7edf45p9bmp8qdsfmc2jqqxjyq4t5
102221101573341,784158851,e5c6308f8413bedd1769,2wz0t7596xqbtm43wq3313w42ezdt5v9
240346864992902,418647224,93c60199f44991c0583e,6tk0er5gm6cf835rjf3036fm968w0p1y
162435428156079,1071625716,b81a55d59fd0e1587f98,4kqfrzx0nfzxzdfmq0d5bnczt3gngzwr
252772068301185,898825439,df64d3077fec5b66717b,75wmane6c1ts5z6zvxjd61vzxhdpcwbv
25492021036753,464589207,bf3b59b16f420fa9470e,0q5x9dqhphdv24cqqwxnkcbf887tjhre
170099157538131,311206622,23940ee85f98f6e58909,4tph5xs5ak98s8py4ea0xt2zk3veb289
38916936086095,291607746,52f156a666dba01b6b33,13cm72dcjf8p3562abrnd9k6veg1ptsk
114347835007793,191980669,fec649c0a886ab1f5ee4,37zyq1c8sh5q2s3xzv34kg58gtnhyqq4
127235374251140,442752926,2fe2ce6040a8b4259f5e,3kq15mhz44d67qwy5zhcwr20n2t2b7ty
235065047076368,715869991,9aa479087a98d237702e,6ns9ca2kggnapks7kaj7j23tk393ew1e
224386735524224,472992433,a3d166ec2f362b307afb,6c2gdtkjc0e32jnhmf8pdv1f6rnk0yqv
84549852819405,987796151,e7b8ca235e3d2f5b06e6,2cwq5z2vydxe14nqwywcm8ty7mqnp1q6
172270161320175,2753847,f60814d11caebaa30229,4wnq2wap7f02m19qyr419m8wntxa60h9
135095714892369,789066984,3083065489616ecf1002,3tvsp1hjjhqggd78621gcn49c5qcy402
254894528867212,561520760,366bbbdd37aa6c315cb6,77td0xjawcgqg83r6snvqq9qn9p32q5p
186487602257981,216893164,dcb59e1d974ce22d0dfe,59kg3mk81x6ev1qcvjtsw7cq9kh2t3fy
241469826456149,184344495,841e93a93ac109414555,6vkp9knpjn5fsqxfggf97a9tr44m2han
213684066514195,675725092,810847f9012a25d6def0,62b0se1x8km4dfs4g444fy8158jxdqqg
155672984851751,760471895,14072eb6c9ed817ab0b5,4djnrfd597pn7raq2g3jxdp9xp0qnc5n
41692530764408,697042562,69d8e7e74507072c9f2a,15xd67rtkrmrr1m2d7cefst50w3js7sa
146308115154863,296215564,ec0711e7619f895375f9,45241kphxf8tfs0cxg3h3sv1ky4n6xfs
273221234912061,211518776,13bf0ba2317d3d9ab827,7rfs3adtsx69q19r2ezgq8hhfmysne17
42368553040738,296382516,9256c72d51cae3bf763f,16h2s8vev28tmw1mj9bcebahsbhvyxhz
181577743964019,1050831385,5c88b3cea396f5e1eeac,554keev5vkza4tgsbj4b7kn3jvty3vnc
200876150988074,979443007,bdc40e7df846836d5704,5pp8fsz79ax6279zqq20wzfr8t1ptnr4
38957960606436,260029901,1e96260bb3b0b8c05431,13dtdpecq47qzfed3tb2c2xkp2wc0n1h
280893913327436,764563610,e25c9ee57853d29416cf,7zf2tyrstcps4m4tw9e9xsbraf9985pf
116490486766660,451493417,b2d7f161fe4983a796b1,39ya71aq24dejfh9pbbz2rfy961tf5nh
146198285791561,691368221,2dfba215764d44b044c9,44yxre8ca9mkaw8x5qxt45bp9n2b0h69
199526396240826,359567079,d95445c7e202a8ea1148,5nezdzh8xtapx3q7v5a4bhz20amem4a8
126129114111523,951543867,f3ec3fe4eac15ad85927,3jptwgnqh3wbet1vyfp3zs7ar5ddgp97
262515547953937,105377565,b9e8a477c722ec6868c0,7er6mzqprh34fvrxq7ma8xy74bp6gt60
146607582016394,867157826,925724efcdcdc0501d3c,45atydhwwastzht2j9bj9vydsq05079w
271608275676120,736378399,34ad31cd99cb8a55e5fc,7q0txcmayrny8fgz6jpk3kcsse55bsfw
265847755332704,41668747,052c750a6d01f349f101,7hs60gaq3017qm4b0mp7a2kd07smkw81
113049610393695,437786503,a1c5e391826f872fc3de,36t5mxx62zd1g5w7m72y74c2dy3jzgyy
94649872386475,159952194,4972932b50ac907b39c9,2p2nj0b2db4rhba295s96atgnj87pee9
12744107111605,64649380,b1db20e27f1522fce787,0bjwvzmd5n1xmy54p7dj1rkz2mhfssw7
272961715062432,684114434,def0c1edf17ab4d49cfc,7r87d10hn0mcdgg2vvrc3vfhfatd977w
168184447276426,2262262,a6491146b8a32a5f46ce,4rysz3s5ca02517pms4h2hnrmcn5yhpe
259448579325613,230082276,c173d359083978d6aee2,7byya6gznd6vdhq4r5sx6p8875wddbq2
77546009525460,812676454,53ce1f1c0a5868020ba7,26gwb5kz6mr70xb6af71y70ab1m042x7
4190016827572,904063812,3248f7572ba9b1e3a5b5,03sy87dw5mty5tt4694fensbn6ry79dn
172738760152766,806216549,9d71901eb21093dbb705,4x3bg705nyr0vrv5knrs07nj229xqdr5
64546608415637,500470175,f221175294ede7e03439,1tphptn0wnex94czy8ghemmmxqky0d1s
249535120481274,158581609,3ba8368871c5927ace6e,72ydp3e6zt4q7gv97em3d23hrp97nkke
149931405936560,320134254,9ffb51fe6be205488dcd,48bjg321xg9h9q3ekzxn3zkbw82mh3ed
154653303956186,274949959,6b0484d795d245a84bca,4cn03kxrpt866st7dc289nwnt92tgjya
58342385011852,603089811,135bbff383dd8718ea25,1n1zjj4k4chz4twk2ddvzww3vp3hhth5
20231580679377,652151059,6a8a8593141047373530,0jct42vz6hkdy28kda58b4rm213ked9g
118374732386345,397519411,d9f0fa2b1fd3325a3450,3bn51xzm19bv3ahkv7rfmarztcs5md2g
172578744262341,2873473,87e933310bf4a4584bb8,4wypfbyqp502qp41gzmk6c8byjj5gjxr
263485492295349,769055458,bdfa15a8bbf21cfd7e60,7fmdzjqxnnpxdpq2qqx1ba5vy8eftzk0
147290834517416,774602234,f05c776808d3723675e8,45yq8xxfd8q2pzfty1e7et08tds3cxf8
57181516101998,657172724,e26c8e4f21ccb504431e,1m06dz8ybekjqa7mw9p8wks1sjtg8gry
92244749517579,560970610,7cce5825487751f0a2f4,2kwnkre0rbgpzevjfk75g9a8ex8z18qm
122830410889636,766902423,29c9bfb8194a9fcd5404,3fptqg4ed4pvc04q574vze0s9afwtn04
266563684852126,833311326,75bf69a84deb7b065ef9,7je0rvxrcyrtpmjyepzpka2dxdxgcqqs
181814903720101,418955730,52423dc4a7a139b34b11,55bgac0j55cfhgeja913vh57m4wv6jrh
91937657379710,450845710,df370070fd207b1a7947,2kkqkphpvyddyq0evwvg0w7x41xhmya7
78677954866262,657805357,2ca9c42c6414e18ec4f8,27hthrtb2pkkam1d5jmw8b342kgrxh7r
180753952754921,115692940,158a150d2cc59a541f68,54cm7jak793eancc2p51a39crpd587v8
189357609297975,329038018,ddf989b090fa672c5826,5c710gka1q9sse62vqwrkc4gz9kjrp16
8610043716328,12077315,789903ffcbb81c28b53b,07tjq9hrq80bgj83f2cg7zybq0e2hd9v
160613877928238,540630527,22237214a4910293431e,4j2faj7m9eg3jqfz48hq4554j4196gry
198372792105907,1017848983,fc85065fa682e5576cc1,5mdd1wwyxkyap94qzj2gcqx6gbjnev61
65766035437994,246336509,ab2fec177df2d8c30324,1vt1cjweda7axjzxncqyr5vxybcc60s4
259240453276806,306405491,b74cd0c200252baa6d4b,7brwfj2146946r3kpx6d1gg04mntmvab
215097602110542,67873501,f46a14d2c505e8a4579f,63m582mx2e20qapxyhn19mp50qma8nwz
220988973762798,812030232,59c8aebf28c5c538dbec,68zm0mfj7er6d68rb74axfs8rq2khpzc
173273035463838,620199862,4e91266832a84e4cb4a7,4xjx2vmq4yjfezxp9t8jct1jn174sd57
211152534928364,159861302,dbcef5b3ec0d7654da96,601b3xcyzc4rejhpvf7fbczc1nv59pmp
48601043913732,983306083,1e933ec835dce6a8d4ca,1c6f7zak04x9r3v33t9kxj1nvkkahn6a
110003539340787,553962684,0629752c4c9de015fd3b,341gry5vfkgg9k5w0rmqab2ckqg1bz9v
160425000731796,343645009,25223ca9663190c4ddd6,4hwzdjx14ma7q6th4mh3sab6668c9qep
762973786322,515132476,10d5300619f8eb5d700f,00p6jcg46jfb8k1w23ak01gsz3nntw0f
195392278774242,736605585,c5514f0a83e21578eb06,5hpn7nwgf2nyfdchrn8my2m3w8aqhtr6
117663460575776,797116782,f72912332cbc6e57445f,3b0emcajh0qr62beywmh4cscqhq5eh2z
86005059059981,943786875,83f6c8a3f1ff79a496a8,2e72efx08dw422vvgfvch8zhzxwt95n8
31168863223791,858248213,624f3b8ec85152d64fa5,0wb48gafzfsjfn0nc97kq3p8a59dckx5
113024448072995,991319092,014a9956d0e1b8a6e587,36se718393xhcn1m0559jnpgw6wadsc7
71996903735667,592772040,a634b7ddc8d40f07688f,21fcaxygbkhn9yy8mrtbfqe8tg7get4f
227426212262418,324587221,2569b404950ae72bcd2b,6etz59gcgj9nhkpn4nmv814n1bkjqk9b
172580958614981,248228428,4bd118b477aac23e98af,4wyrhbqde57cqajc9f8hhd3qnb13x65f
170178354103751,12575806,085221f9af0f3d4acbe2,4trty5ghe70bzs1y11923ydf1wymnjz2
86274296139731,129879838,4f1dfa987a86055ff391,2eex6cckyk3vvkry9wezn63tgr2nzwwh
62222756312000,776842032,ea71624d80afdb77a49a,1rjxemjwy0q4vasgx9rp4kc0nzdqf94t
267239694482566,409617527,298b1d5fc99c0a4c4b9a,7k1pbgyf46c6mh3q565htqy9kg54rjwt
239206034767618,918257511,692e93fca33db7bfe9ec,6shszbnzr2vbpzv7d4q97z537pvvztfc
200597174113207,217689514,321b3afea646e28d90c0,5pe4nmwmxq6fkbda68dknzn68vh8v460
63314023906897,843560297,b16059160d3f0f3d3e84,1sjnryezjhs4fdb9p5g5j5gd7w7ktfm4
41803478251512,195056975,fe1305f4cc5eeeb69d7e,160mgqhdzr5t0nafzr9gbx6cbvqbd7by
93798272821797,677863303,13bbc17646bc86557ae6,2n9webpth5m6eqw72exw2xj6qj35ayq6
41996573381769,707748593,c33cbdd4fb821e52bea8,1668bdd549n2yrqhrcybvn7vg8f55fn8
31269119716868,508043614,67ef3a655aa5dd586c74,0we1mcbvg4f4g8ayczqkmsatmqengv3m
132621906564937,908041147,1e7cc1713ad9bbcfef90,3rksrt2nt9v1z6xv3syc2w9tv6xwzvwg
148903144494649,573328531,97b9fae40a3b667f7707,47dmvgh5hsh2rk4kjywzns0a7dk7yxr7
182276923016180,965535242,891cb3ebdc39b702ef3c,55rykkygzmwrssgah4eb7tyw76vg5vsw
192939836630450,642950672,f4f485d07f76d16144f9,5ff976ssdjk559ggykt8bm3zev8p2h7s
228752399200745,547182457,401e9800146be80bdbad,6g1j8qxwf9g9tnvs80f9g00mdfm0qpxd
53700148254109,458592189,007baf25443862c33290,1gtw545ncxdnb3xx01xty9a471hc6cmg
272754525510575,356311602,fe884d018e6b50086b06,7r26e9n6xfaksrhjzt44t0cedd80gtr6
62283363579304,677676336,ba3e0ad97a618396e6df,1rmnww5xd8m6919gq8z0npbtc61sdspz
249684612209855,76397676,e3a581e961b2f63108ca,732rx9vq5z28vf3cwejr3tb1pbv3226a
206645283438045,362866799,6e8b9941cc7d43233c73,5vy5dbdfexat1t3fdt5sjgecfn1j6f3k
166544242477725,813051195,a0241ffacb99e8ab6e57,4qf2d6k2mxr7cb9vm0j1zypbk7mapvjq
251159283074543,176930022,482b728f112352134124,74dp9xk1ff58qf7690nq53rh4d916g94
15744399659592,571186681,3b6bf9d6cc47951cdfda,0ea73njmj8h0q7fs7dnzknpc8yahsqyt
148197549341614,65793187,92c69e1b35c8e95fc4f2,46s3q4hyxe1yqv53jb39w6sns3mnzh7j
242232879738945,21283495,6643d9abe5ecdf9d5e2e,6w9wybzw210m9gn7cs1xkaz5xkfstqhe
87002256500373,497192843,4afaaede401400ca7c49,2f4359fsmnet53wb9bxaxqj02g0cmz29
141815749251771,428679274,448a9100f3580f1cc753,40zc6nq4nvcrt83a8j59207kb07hshtk
209473789658882,873133493,abe499161fc73a53e5d5,5ygfnd51r2t0nxdnnfj9j5gzrwx57sen
115890597842471,739415993,e51b0795c0638fa89aaf,39cvgynkh7p155xswmdgf5e0ce7th6nf
196244415525845,915292836,2cc4fa61b1af25213bfd,5jfevatcynv8wgn45k2fmrdhnwjj2ezx
2507723349345,91285740,036b8023c6d1f463b5ad,028zfzb7b12q1t7c0dnr08y6t7t67ddd
155128985923449,327269895,486528f263d3e35aac3b,4d2v41kbvs9r3fg791jjhwk3tfhnnb1v
58625612069475,450455126,398262d820cfc056e5f1,1na7bcgek3ddjsjp76165p10sz05dsfh
218432353185438,767179066,afb4443cc646e63e2272,66n6zd3bmypvme9tnyt48f668vk3w8kj
210445841870151,67628598,13145e6ca656bab22eaa,5zcrytcba720fvhp2ca5wv56atxb4bna
274542333690851,764431643,5aa69a7b1cf645eb7914,7sp7f4d0z3ps0k8vbak9myrwys2ypy8m
94989859767074,604418281,80b17a19b1e20b6e45fd,2pcj6djgs2j0dc79g2rqm6dhw85pwhfx
76697920984268,687603937,1f164db8e782506deae6,25r6g5bn6cmfr0713wb4ve77g986vtq6
70161302515388,508478547,516863cede7326465943,1zsysr6vnwf4xh2ka5m67kpyeck4cpa3
195876247152902,1069516128,a0cdce50ae42212d83ff,5j4qz23a86zvz1b0m36wwm5e88gjv0zz
212734856912945,59085535,82a30f57503ad8a2dcbd,61fcrs7r1h1rb4pzgahgyntg7bca5q5x
87517337711475,269451424,99cbdc9baeb691ed1e21,2fk2vx6wvk80z050k75xs6xept8yt7h1
77367343235234,537573649,f1cc93860ae152dbf07b,26bnyg5g52g0ne8hy76971gaw59dqw3v
74479177627144,562606081,2a06323495e58632ff05,23qm4esxg8grhc0158334d4nwp335zr5
230108538953714,848848734,e915997b627440e7b526,6h918vjqzjs9gstyx4asjyv2eh0efd96
193324662162661,811637266,963cfa831ea705be4eba,5ftfkx1175r616gjjryfn0rymw2vwknt
58020063872281,160376381,973c34712f784af4d6a5,1mrkcmr18s4ry9hxjwy38w9ff15f9nn5
277517195103603,116258429,80df6daeb5b152106747,7wct0xakbk3evxkxg3fpvbnnp5910st7
196166559242519,990355154,84d81e7d79f2c2c8b6c7,5jd6b1968qxgf7pjgkc1wzbsyb1chdp7
78254399471311,925278555,4893e41cca9fbd3199a2,275g2txfpfvjd8av929y876akyyk36d2
158143368471956,1057962653,6bb64020f5a8383af679,4ftjfmt9cmzgyemxdev4087nn0w3nxks
212764944132220,169914562,d341a6ea75103b7ebff9,61g8semt3w521c62td0tdtkn20xqxfzs
107021860096082,986764161,af98c765b56b47c16ac8,31aqvz8j2jxd1mw1nyccesdndd3w2tp8
234843097369367,307585509,977bcc863cacc59e26e5,6njtnpb2rq95arf5jxxws1hwnk2sw9q5
201298817998873,452026416,943b389cdaa2310e0dc9,5q2j48mr0sdf2r1gjgxkh76tm8rgw3e9
2953372660701,932007111,9a418f110292303f4d3a,02nyhbmwyxvrtk67k90ry482j8r3yk9t
228025165484552,1006221000,d2dda4227b1c04796f4d,6fcczft4g8xzkdp8tbet88kv3g27jvtd
489099629439,667133306,1388db485fcf0acb7ee6,00e7g9r4vzkw79bt2e4dpj2zsw5cpzq6
12204488917166,171036743,09c175a08372e68afca7,0b36a3m05e533m27170qb843ebk8nz57
155539050024450,841514197,d86a78b165f47592e122,4des0x6kg2s2gz6nv1n7hcb5yhts5r92
218914725513932,342107104,7b7883f8732b1ec49548,6738776jpca688z0fdw87y3k5cfc95a8
136193183660731,363925664,6d5b4cfe1abec9e1d640,3vvqs5aenvav2450dndmszgtqv4y3nj0
236148125733975,641995177,38d0aa5d1620db40586b,6prt2jc52qk484d9738amq8p43dm0p3b
43581512579063,823363642,9ec00e6475cdde2920c1,17mce96xzqrh721tkv00ws3nsqf2j861
48619586787879,804245814,cea5b76453a841a6542c,1c70gk66h7qyzm9pstjves2kn10tcn1c
265964796685507,393486860,0dca662f8e6de308c7a1,7hwk0knb63bq88gc1q56cbwedqhghhx1
257265194492529,932279194,319f13bc5354abb055ca,79zcw8frkhvs2wwt66fh7f2kajnv0nea
82357154682903,408635849,e3895bc576fba09dd359,2awx2f660qc5pje9we4nqhbpzeg9vmts
255425622864261,535335327,5e77a1f33c991e0e2416,789vmr8wc5fyh4czbsvt3wswk4f0w90p
157072420643496,121673240,8ec996e670ea71fb26d8,4evd2xc8n83m15grhv4sdskgx9rzp9pr
72822516181682,795926924,da26cf1381d6df8f6b54,227d83atnjqq1rccv8kcy4w1tvfryttm
150647376549133,804018835,5b47ca72e479cc8316b4,490d9nv58dqyrpmkbd3wmwq4f76865nm
255268773863408,27301502,201e859483276c9f11f5,7859j9d7zg0t15ky40f8b5434xp9y4fn
165134100458366,358791715,95f7dea7b7f85b54bbe1,4p613pbtvyap5eh3jqvxx9xqz1dn9ez1
171433682550406,154143684,e92601a6214a37041d66,4vxc1w0fm64k02y4x4k039h198vg87b6
153944408235304,394751454,54bb682e06609cef88b1,4c0bww9798breveyajxpgbg6c2eez25h
3216018278118,769880486,37821f5ad7b59ea427d4,02xk4t11q6py6wd66y11yppqppfa89ym
95793881061624,430565026,5700b62a894881a82cdf,2q3z04167rctksn2aw0bcam9920tgb6z
193252881399399,917681932,63e6ff0946066ed57e66,5frcrnhzk7vb5drccfkfy2a60sqdazk6
216096557024013,1022159886,d6eb9603a171bee7f15a,64h7k89grdyesv0etvnsc0x1e6zefwat
146061635339494,352295870,7d748e694fd8e8950728,44tyfy7h76afz6xyfnt8wtafv3m9a1s8
52172541794260,375814660,135ddfaedd33b53fcddd,1fedex45ymb6cyg42dexzbpx6etkzkex
117873695062869,454787434,1b1b3843a6e933a7bb3f,3b6jdvhytndhq0ba3cdkggx6x4stfesz
97704317419169,561426203,f2da2826fa78e48f25f5,2rvj7j3zn1gqdbrvybd2g9qtf3j8y9fn
117073436235108,345788155,7de6505cc0be500a7a63,3af9498nb4a9rkqvfqk50q60qs80myk3
258685198780468,784134794,6d34f0d570f4227418a9,7b8qbp3j1mqbswmadmtf1nbgygh78659
281094175306891,830034517,04d066ae4f7885e14f94,7zmxb7fd4brqjmjn0k86dbjff22y2kwm
234486565411288,230281424,97b93b1ee4df6839ec87,6n8em6z6er6vkm6gjywkp7q4vxm3kv47
231982374585152,259267918,2fe89dba7f6322180500,6jzjdgg0t07q87ae5zm9vekzcch1g180
95326083697804,490722742,646cca10d6ac05a6e85a,2ppbanpk4cekzndpchpcm46png2tdt2t
156430147176802,641936400,a819648f76feec65fca7,4e8pxnnjb2k46b0gn0cp93vpzvp6bz57
183792526545690,1015283762,d635fd2b223db1a1ef6a,5752443mrty8801jtrtztas27prt3vva
42134012091082,634148875,78439107ff9b0e39b89d,16a8bd5ppajwrp0bf11s21zzkc73ke4x
253859835534626,240997299,02ad073d3f5e2a3cf220,76w9cn3q9275tmxk0apgef9zbrn3swh0
195738614559578,664389629,f8f32aaee6a475501b84,5j0qs9dwttkskhzxz3sjnbq6mhtn06w4
74681865129599,348532695,92b3e0974d713103c9a4,23xgx0nkkzaccbyqjasy15tde4rg7jd4
255728883570458,125942967,f777e144e7572b972e82,78jp2m75rt3r3f5qyxvy2h77awnsebm2
29261979263555,1036972768,47b8be07bb07db06ebcd,0tkmay28j3ywxwq08ywbw1xv0zdgdtyd
263830740502968,438065938,bf25c40491175710c0c6,7fyfgs32drd1rprjqwjw814h2xbh1g66
225770605138000,299113297,54dcd14f8283951761ce,6das8bgm2g8x86thaked2kw2geaheree
260390779523304,594618337,7b0b59699e8792cab7c8,7ctbsyn478hq29z1fc5njtcygy9cndy8
229093248622668,946983590,851a32cc028988f08710,6gbfpv8r2cw73mn6gmd35k02h64f11rg
58519947873855,883375341,d04e2fc75b527d5f09bd,1n74yb93hztaef7dt172zhtva9yny2dx
274744238717678,620269324,00fa1d0373ec7bc8b7d5,7sw3gc1eqejfh3rc03x1t0vkxhxwhdyn
107096232469359,24997909,2aa3ffdea715929ddf30,31cx4e98vf0qtw0n5ahzzqn72p99vqsg
276666354966752,502630133,4d36ae56f25ed6477c9c,7vm1kwy870ezb1qn9mvawnqjbvb4ez4w
33568739979267,742730463,3940c38d9b1140e45112,0ygzad4w03p4aapz750c73cv250e8m8j
148605138625234,252596625,93454045c48f7aca408c,474za7zrpj7gwmchjd2m0he4hxxcmg4c
40106485438024,987842305,6a17974fd4866537cf53,14f82d2nj8xe2hr1d8bsekymgsjkfktk
198916179390613,166535645,fb911d6608bacac07c31,5mx743cw4n4yt8exze8htsg8qb5c0z1h
90083691358140,102041148,83093f2545fe28f24960,2hxrz6rsxw31a1hwgc4ky9a5zrmf4jb0
101177070626288,85504141,78207e9f928a07eb8cde,2w0mfnn9fg2hhc4df0g7x7wjh83yq36y
168091528341733,767386505,b438374652cc33c45931,4rw3dxca75pvtrw9pgw3ehjjsgsw8p9h
50153870084073,347770660,f387676a5a0d9cd4650d,1dkndsrhz9abn3s4ye3petjt1ped8s8d
281134313455274,363755598,75fcee8bb263fb0e77a6,7zp2qe6fnaatwy2eeqyex2xjcfxgwxx6
108525216057350,772467326,9f46fe86aa591f68aeb9,32pfzf7j06q0ntkykx3fx1nab4fphbns
204319742061500,578879794,58ca9e26375ae96f5737,5stfjtatxwh8209jb359w9hqbbmpynsq
241212478313134,902341996,8443f4715af741f30883,6vc6m1bmnetwh9bcgh1z8watyx0z6243
200274915372351,524828675,58ad3eac432589358ff4,5p4rhk0b9zfmgg03b2pkxb234p4kb3zm
110322910122978,494931433,e749ce5797d4e1307bfe,34at6xwmz2er03f9wx4wwnwqtkgk0yzy
189722494574993,64214917,25ba4977633d7b0e77d7,5chmtya8ch1x7nw54px4jxv37nxgwxyq
239743620008953,469164487,878f91f0fa89816fa095,6t1emmxjzsdzdre7gy7s3w7th60pz84n
166745970551966,651023489,60c23d4904600496feae,4qmy95fb4ykcvn41c313tj84c029dzne
25817520864808,520063777,877a2d87d4485416f4f2,0qfce2hzh8ffz2s1gxx2v1ym91a1dx7j
16951584217217,435311548,5648034d438f4e882e89,0fdbcjfp41cz4mxwas406ka3hx78gbm9
263573849474736,504373436,f6100eafe17d4983dabe,7fq08tq1ngf1085wyr80xbz1fn4r7pny
25459792189538,952574468,0fef80175539a504c093,0q4z8xx632wce8g41zqr05tn76jg9g4k
210870057075728,756685323,66ef146f3dac34437737,5zs41dh10gphm6gbcvqh8vsxngt46xsq
221688539715821,906024278,fef0b9120bdc7283f68e,69kzhaj67dv01napzvrbj4gbvhs87xme
98325080559003,804412266,800ddd964af442e32458,2sdmbqzkcvqz4pvag06xv5jayh1e692r
120806072113507,570066830,d14261881b2d5048f9fe,3dvxdg7pb3gzn1wet516320v5n84hyfy
122809408455889,981819180,5e547068daa4368fc489,3fp75jn16hx8aqscbsa70t6tmgv8zh49
94205063545184,894534677,7ce8a0e51c5bf8247608,2nnq9njgb0tn310nfkma1s8wbfw28xg8
43020549027665,443198875,6406d40bdfb69253e40b,174208nxthd6nbcvcg3d82yzpt957s0b
144834959780506,230322883,65a07bdee793d646287e,43q8258amt6vmwp3cpg7qqq7jfb4ca3y
92863316667179,954049378,58f5ef1e690447859243,2menpg1asbwdv8v2b3tyy7k90h3rb4j3
273055692995751,666660024,893124924a1e7aa41c88,7rayxsbf57kvrv5rh4rj94ja3sxa8748
15024389709031,545859306,3a2b39bf98de81e5d82a,0dn8hpjq77g8j9qa78nkkfwrvt0ybp1a
47416380495572,330346926,dddda075a61f25609c89,1b3zy885pm9v1cdevqet0xd63wjp1749
67198212357676,449850979,b30af80a778b9e98d3b4,1x3q6s7fhcdd0bk3pc5fg2kqhef9hmxm
52932364818012,368539609,2a4ec19c24b96eb58e0d,1g4h3ctnjwazexys597c3714q5qbb3gd
255499468702698,593128428,b70a89cb7e7fca3c3d56,78c0dh50zahnmtzcpw58kjvyfz53rfap
225139269991364,422822526,9fcb9041f99c1209d611,6crd93cyy4ck7gkykz5s0gfskg90kngh
11757096659069,700909381,ebac6beb23ee9beec8b5,0ap5ms3t3xmwe1t5xep6qts3xtdyxj5n
99498500650814,68731926,d8462cd5ab70d1c08028,2tfs6cjxsy21hh0pv132sndbe38w1018
272124702313385,107053361,1216913587947f80cc9b,7qfvw3ejx936309h28b92dc7jhzr1k4v
75340734486219,940194528,3e7cd6bae3a85f2cbc27,24gpgvenpbw0meq07syddeq3n1fjsf17
47855214914026,660439255,82248d79aff767c1313a,1bgrmhbtfaknv06qg8j8tydfyxkw2c9t
157049199051052,771341072,62d8ed2fac1ee9acafe0,4etqevhg9cpzkergcbcetbxc3vmtsbz0
151741772736776,693173454,2ff9afff509a484131b3,4a08h7ca88mn1z6e5zwtzztgk9442cdk
29719328940376,662937361,38dacb48ce97cdf75282,0v0y90prarkr77rh73dcpj6ejz6zemm2
276630185971719,580963118,64156ebfeb90fc893557,7vjzxzg407ha1jsecgapxfzbj3y8jdaq
40288426133432,425695729,5f646698496148fb1156,14mhgn81xrcnz6fhbxj6d629c54fp4ap
258888349706548,491114888,89f4b129e2d6e7007745,7bemj1xt9membmc8h7tb2af2tvkg0xt5
159162454401471,1004187069,53486acfcda1af50a80c,4gr7jrwrdzxxnbdxad46nkydm6qn1a0c
54920993066855,190194777,ddf3e556e62ef95d13cc,1hyd54gkv75nc92svqsyanq65vwnt4yc
60364995575075,171933233,c642e4c3f4bfbed7f9c8,1pwv91wf9353yzhhrs1e9gzmqyzdfye8
214648209613978,140224760,0e3dbd4e645520f88923,6372q4j94t45qa7r1ryvtkk4amgfh293
146471568606148,894357262,244a4074a8835f9459e0,456w8x20y4tmxkre4h540x58gdfs8pf0
227431995585271,468195137,c72c2e3f24174eff75d8,6ev4hmxcqqdyg5t1rwp2wfs42x7fyxer
46709355462568,680050165,b711a06d7f4d784c8060,1afdf8mfx8m8hffnpw8t0vbz9nw4s030
68870582037757,436318308,92a6a9cb885cde9246f8,1ymcq97v7xd03c34jakakjw8bkf94hqr
184031154962783,869356469,c767e5d67d40da93bb5d,57c0bsx0azsx2mxnrxkybnkx83d97etx
52013126281771,278343142,efe0a538a0beb8d467cd,1f9rzymthb89ebf6xzgaae50qtwd8syd
185997771092640,154429783,9d5a2b0aa9e71c60e37f,5957xh6cn04k8taqknd2p2n9wwe61rvz
15666351501802,461575185,36a605ef6fd2c0c62ff4,0e7ydn1wfadr650h6tk0bvvftb0ccbzm
151099993055020,120570877,b24f3b471ae5df7c55a3,49djtpjqsc3jzgzxp97kphrtwqfqrnd3
158146786167425,52547719,0ce885e7873be803e597,4ftnng62m11j3m471km8bsw77fm07scq
63970366194657,200796633,1c4cd348236715f839ec,1t5s1f80z15zftes3h6d6j13cwazgefc
157763215131766,425999890,80be3229f168c354a117,4ffge6b13pcp8fgjg2z34afhd31n988q
47613181565924,637272456,50414a8195d3bb41bc50,1b9q7cc6z4jzr0c8a10mn0cntexm3f2g
222704103574986,507878905,83e0b904f51f34f39f04,6ahhbfqkeaf4b7fsgfgbj17n3wtf77r4
168382198387669,264865497,6d67424902dcf71769a3,4s4j4hy4yn7wk1psdnkm4j82vkvhetd3
95955236252978,51879722,d892bf96e024dfe8e9cb,2q8n8wav9j1hf7sav29bz5q04kfyhteb
23139139650739,456652292,12e2745f852a9cd2e077,0n1e03615kdkfxg42bh78qw55aed5r3q
180863266434262,567988529,8ef04b81966a12f11931,54ft1bzb6pgxnm9hhvr4q0cpd89f269h
49215796388676,509635147,62ab348e78ffbea12485,1crbs0z8t4f60tjbcank93krzyza2945
72756284112124,414037201,08b8f093a7c6116b5797,225fj7gf7wcavd6h12wf14x7rr8ppnwq
199462269038299,1037398753,d0cc9daf35b48aca0242,5nd3pv2bpvyxawq1t369vbsnpj5cm0j2
119978090029708,86007784,9c9c3db30a0c0c82a319,3d3t9pzrmc2j0qz8kje3vcra1g6858rs
188889274087060,180693032,a83a18f5d4b5c0d9de3c,5bscv1axmm5caa18n0x1hxempq0dkqhw
155075986926861,937882848,a485926773072b5e92a4,4d19rhtb8dvydx70mj2s4svk0wnnx4n4
94141284098233,220167131,abb5bb81db5dfe0275c0,2nkvwwr85s6hyyyvnetvq0evbqz04xe0
274321005842803,529683452,bbe7ea13d5c1e9742545,7sfsb1q4bkfs4mzwqfkym4ynr7mq89a5
48055774349013,8943159,9a264dd5537719af16f1,1bpkdnr1pn08gxhqk8k4vnakewcty5qh
34595141136874,647841166,d1a13f2f25898c11dd0e,0zev7hjcfak9thcet6gkybs5h6613q8e
20986756242874,768105068,69dc883f6bc738f56b8f,0k2se2d7dtpwgpkcd7e8gfvbrwwfatwf
93980815617175,456688409,1710e33d07098a97e820,2nf6ej2v4qdkh0rs2w8e6f871659ft10
250183655790778,54727090,bdbad4365d3630db3f78,73h9nyx65t1m64djqpxd8djx6rrdpfvr
70257397953999,932901580,3807b262193b145ce577,1zwr9kyxefvsnwpc703v4rgs7ca5ssbq
80218033364402,547093851,75c6195f6bed48813e8a,28ymvp47djg9qzaveq31jqvbxn482fma
173654131347416,715478982,f9211a55c87f51bd75aa,4xy00d03yrnaany6z4ghmne8fx8vtxda
165792544527186,427023904,2281b108bf63ee90faec,4ps6avj4tjcq7qh04a0v225zcfq91yqc
76316942009495,304831400,d7750b8b81576c516bac,25d3p3g14q92ppx8txtgq2w1axp52txc
55677198307283,1046922007,4e219d2f041b13cc9a08,1jmddt13ykz6dgrq9rgstbr43c9ws6g8
134741130188035,756788108,a478a36c58f1454b2f23,3thfek7583phqawcmhwa6v2ry52mpbs3
220971222644094,426329167,ac9f6915974aebc7b02f,68z3fkpdbycpjh2fnjfpj5cq9bnwfc1f
86022917795865,554759635,86498d70c47b394e35f2,2e7k2qac0sgh1xekgs4rtw64fcwmwdfj
196413212117731,12061199,9fb4e4f8023ea667d705,5jmc1vsjq30bg2gfkyte9y027tk6fnr5
231912258943733,204747344,81989978e0ac0ad61f01,6jxh3x0eqn638cjgg6c9jy70ng5dc7r1
243188176695000,33540069,2792e40b0fb653c98a7b,6x5pme5bpr0zzhz54y9e82rfps9wk2kv
135107116956390,619804445,73ecd806dea16e6be3cc,3tw49vcyq6jf2xrxefpdg1pym5q6qryc
38062378292367,362035346,470cc01a8d33f06c06cb,12krb8k54fas8e4j8w6c06md6fr6r1pb
141907680366490,518525342,49b86bf0c0c5a26f6c6d,4121te23wtfeg4cy96w6qw60rph6yv3d
87680872298473,208020458,8908ff7287d64cf68338,2fqv5kydz966c8zah44fywm7ts6fd0sr
164400277042435,420005253,b50ec1f13e641a3b98a4,4ngnp1td83cghhc5pm7c3w9ycgd3q654
18294700206386,157829997,f6510641695f7fb3b488,0gme8hpt9j4pgjvdys8gcgb9bxzv7d48
182561370507479,974277855,2693c29bb482519f2454,5617gt726qx14k6z4t9w56xmg98sy92m
11691948998930,104797263,2db82883e68f4ac7f36a,0am8z7f08j33y52f5pw2h0z6hx5cfwva
169197282467924,689982555,14b3c64b81acb9855a7b,4sw97yp82mmj0k2v2jswcjw1njwrapkv
137642084804290,91088721,8954509f868a99fde61b,3x5x5s49p22pvsthh5a517w6haczvsgv
205179765784138,668570657,7ed79405ad1d18a4dc83,5tkghgvzjakxk511fvbs81dd3mca9q43
240390899998209,274025621,d7e69be8026084090592,6tm9f377g185ak4ntzk9qt02c220j1cj
266325341206824,322759442,3b17665c38ebafb115d6,7j72snpy989kstrj7cbpcq1rxeqv25ep
102748479602235,340962873,79dbd9ae3a6d8fa22502,2xebza1fhva55bhsf7dxkbhtdp7t4982
221921772150223,173955715,f185feb2dac4c28a3646,69trr6b7ef55wpm3y62zxcptrk18mdj6
37008216978525,15128969,c28cbad8bfe0037048b3,11n2jt0x2x0edpc9ra6bnp5zw01q0j5k
34675375526619,114001449,dd2066821de3125a40d5,0zh5yq1mpv3cq1h9vmg6d0gxwc95mg6n
175857862968037,272150379,db6cab0d835ee56f12f2,4zy4cq80q583hbvbvdpap3c3bvjpy4qj
43179091666888,847570021,8eebe1b9d60a5310d514,178nn6q9y8s89s35hvny3eep199h1n8m
15975498018046,379582431,2eb17a6b455552c499b0,0egyay4v7yb9zxyz5trqmtt5an9c96dg
211517425987565,552240067,f9165832cc11bfe00590,60byygmbzdgen0y3z4b5gcpc26zy01cg
254846229845215,525576617,30deb1cea3011b439ec5,77s01g156zfn7ad963fb3kn304dm77p5
163582726773688,160026506,7de4143924c47e6a6e2d,4mrw9546xr4rkkwafqj18e94rhz6mvhd
114866893558708,98050752,224b003af6dac3c0e231,38f24664xm2xg8p0495g0eqpvb1w1rhh
51202768099299,169462366,9a6897b8d5a236525143,1ej69cvnz351kjjyk9m9fe6nm8v54ma3
34998700197478,1036030675,7da19127c43cd62eccbc,0ztk2hfhk6yw14pkfpgs29y47kb2xk5w
68705734521303,340298602,c1779f0fb339471e0df3,1yfk6ecweqa4h2var5vsy3xk753hw3fk
239497305084169,627953324,1810062a4c7e86e3d663,6st97wpm89jpvknc3080cajcft3e7nk3
104478357463725,717824062,c731016c719d6a68178b,2z0q1p48ndncj81yrwrg2v3hknn6g5wb
250409392707448,871470850,d9f7b851993b60902297,73qvxed5vrsz35r2v7vvgmcs7dg908mq
1603578184162,283928665,b68c31c512b8d5ca012f,01enebagf28ert2spt633h8jq3awm09f
113276144258393,816452232,3d65de10afc41862afb0,370rm5e3asram4m87njxw45frgc65bxg
53664018888636,1019829110,ad6bc3d132e1575bb3cc,1gstgcgxxwycjpvpnnnw7m9jw5bnqcyc
98681519568582,78056518,43826599044fcabfc9bb,2sr0aepxp62ae3268e16b6849z5bzjdv
271189442869720,998760106,2c91ce8504a183432b65,7pmmv6heerxrfqna5j8wx184m61m6av5
250201696211960,648745779,3ec7556479acdce690e8,73htfkk4zrkap4sk7v3nas3snkeed478
96257540693328,847799109,3b019e8d3e449cfe1ec0,2qhet8a7ags8grt57c0sx39y8jefw7p0
255703438636671,75122169,8ef352b564535ab19346,78hyca1dkz27mhfshvsn5db4addb34t6
90791888554052,539280095,d7f5311ef77d44a160a1,2jjch48224g29gpztztk27qqfn2a2r51
274040681246927,289876035,0f7645ccfbad201b118b,7s7m8qbc6f8mea231xv4bk7vnmg1p4cb
135076229101253,193690851,caccdba31776b44378be,3tv7haedp55rpz73sb6dq8rqett46y5y
15937066905830,667858986,bd71fa22476be5b630ab,0efthkcc76kwxe1aqnrzm8j7dfjvcc5b
215170473599471,722576705,d43b821eefc1abc98a08,63p93ta8ffnh39a1tgxr47qfr6nwk2g8
20145701244492,790199667,71d5377a39f7ff36d3e8,0jaa4nvkjcqhjzbke7akeyhsyzzkdmz8
231577457666027,860492932,ceaacdcc1fa15078e75a,6jksa1m9zbsmm544stncvk0zm587hstt
170756043072503,403525786,9d47a09759347f648e4d,4v9mymmrzqc0tm4tkn3t15ts6hzp93jd
160707173668980,5258901,a1cf493727c02ef935e7,4j566zzp3m050fmnm77mjds7r0qfjdf7
160464863627701,282727741,dae2bf9477526bf3c82f,4hy4hk42dn8dm59xvbhbz53qa9nz7j1f
269786303472528,48651547,9021941f4aec97de6f42,7nbt2ch8wg1ecq8vj0gs87taxjbxwvt2
222643814555611,582144861,d267c42f002fc26b40ec,6afs6qmqyvhb5mtxt9kw8br05z16pg7c
204572865605372,109235840,0613d6f5bf6402d45a09,5t1vafrbqw385km00r9xdxdzcg1d8pg9
238918099001669,486814890,6b681d1465d7ef01cb2b,6s9dt6qra5eg8d5addm1t535tzqg3jsb
69828438742595,971742059,c5749fcc9e4f8d85d009,1zg8smjnj3wyq6vbrnt9zk4y9y6rbm09
267293509195786,832098010,988d923138ef0bf939cd,7k38fan60arshkptk26s4c9rxw5zjeed
95185190840425,927540296,4adbe81b122c63cddb35,2pj83qst39vmj9289bdyg6rj5hhwvpsn
184304479349142,198518319,7e176f39155a72ba360c,57kyxgbacp5xa9hffrbpye8nb9sbmdgc
96532065252596,204912268,6f95155d785c21c99eb9,2qsefqax7m63ddmcdyahaqbrbggwk7ns
224341725085863,966411918,533d61e07aeac1bcbe2c,6c16gda057wsmhmeacyp3r3txb0vsfhc
206357920871311,536640840,bdb1ff0a1e1e821241f0,5vnss93wwffzrza8qprzy2gy3t114gfg
160572011962123,812531683,9717f260d34563692838,4j18avqqrbr6wfz3jwbz4r6k8nhpja1r
31212703436841,869399605,49cd0c5400db2e871cf3,0wcd31km19sx3z1n976grn00vcq8e77k
187861153500123,15713843,3f9cd6f15a56df83841a,5avfan4jyv0ezhhk7yeddwatavfr710t
225310771043444,373200752,6fac186a2ee187458628,6cxd07hq3mb3x5vgdyp1gthew63mb1h8
231184540954462,545080976,3401a6bdedaab501b193,6j8bc71vtyg7thmg6g0tdffdnatg3cck
89338803139395,894680487,ca9f76ac592793dbbb66,2h837t0ct3tn7fd7safqdb2s4y9xqev6
263330018604720,84498467,fe45d22d1b01da352bdc,7ffx63fdng2gjp13zs2x4b8v07d3aayw
6042286945583,1047069442,91db850e3216ebc77830,05fva5vx9fz6j0r2j7dra3hj2vnwey1g
197633834599858,41561051,41727abc970d6e01dcec,5kqwv83hdj17mayv85s7nf4q1nq03q7c
196876728244539,514303183,3268271905f61eb5825e,5k1vqq769vfaf96f69m2e685yrfbb0jy
221276900094835,638271218,0287cdd30f2fa4f0841f,69805gdwvkk0pfqj0a3wvmrf5yjf110z
252570354818619,853836290,2adf9fc34e1da3ce29e5,75prf4f7hvse90g25bfszgte3phwwaf5
44728802536827,637664675,8c1a092d31d8b554bb9e,18nry65vbvk03zd3hgd0jb9hv2tn9ewy
144542514400433,332576815,16a32025b59fc5ed6647,43eqpkkk5h9x5e1f2thj09dnkz2ytsj7
207325039328023,139785239,ec6f5fdfdbf3be2fa635,5whyfn4yrq459x0qxhqnzqyvyez2z9hn
29560449859462,708029032,b00147afb8ead1be0311,0twaa1szw6n37ak8p00mfbxrxb8vw0rh
162288560242170,169595528,81e22064a0e37e9a7152,4kk6zzqzft51qmm8g7h20s50wdz9mwaj
232249382243792,927156918,805358910a64fa24fdec,6k7b2yv3egvm6jnpg19nh48ackx29zfc
54657096110542,76905332,d7f0b2b102dea5faa6de,1hpqccrmee29ayvmtzrb5c82vtjzn9py
88896747385743,863676848,c16c8a4e82f5c996ed28,2gv7hgscwfsqnadgr5p8mkm2yq4sdv98
227231442667378,796783008,57dc918505740a8e9a84,6en9rpr1vjqqvwd0aze93185eg58x6m4
59429263598711,725298302,af58b201f904597a8cf4,1p1kt2as3qnkpb3ynxcb40fs0hcqn37m
79170285529124,686346075,2024cc2431e2ccaf02ef,28052bxt14mehktv40jcr91hwb6ay0qf
35426842014970,375640955,e7f1d4f27c488a80af4f,1071t5ax7tb67mvvwzrx9wkw92581btf
10727327921203,28200464,627a4ce40c24716d1f80,09r6k93x1k0twkggc9x4ss0c4hrpt7w0
154190395561002,791020706,f7f5a876ce9b0bf4ac8d,4c7gzw2n1aqjc152yzttgxpekc5z9b4d
256944128742399,369752470,559ff83ead8b94269f63,79p1vramzzb0kycpapfzgfndhea2d7v3
249372226143241,427852355,98b15cce2ad38489b851,72snzf9h09cr10j3k2rnskhate28ke2h
137633083444573,907109358,feb6d0edb560bc07e21c,3x5msgrkaxv12rzeztvd1vdnc2y0frgw
215963841778098,369684850,f381a5ef4fce7d52e154,64dc015mdjb0hwbjye0tbvtfssyn5ram
201202527167631,783217831,47be6d9c47feb2d5d754,5pzrejhs4fqaxx578yz6v727ztsdbntm
96574438145529,151069530,9ebccb861fe138458d02,2qtnyh8zfs4g28ttktycq1gzw4w4b382
152324969308045,835430506,fa0a8df00320aa5f07bb,4ah7ntz7wdrwqa3az858vw0342n5y1xv
29470767310102,1035669600,ea4b80ba9681054df820,0tsps9vs8pyvp430x95r1empg42mvy10
180377855377509,331149880,4c43cffb0c019494e887,541nyzxg359vswhr9h1wzyrc06a99t47
192649656903091,1036498328,5bf34c21fb4189abd0b2,5f6tz5v9dkywfdcrbfsmr8fv864tqm5j
86948988753437,1060691986,f665d7eeca5b070406e5,2f2hhsd5gxzkhr0jysjxfvpabc3g81q5
134493484786417,64830886,83ec8c9bbe028e8c9311,3ta8t658qh1xtfd6gfp8s6xy0a78s4rh
130412646742928,258815626,feca3227993a5ec45c55,3pkg7qqewg7ptdmazv5349ws79fc8q2n
73721617010582,816990771,705f52e9d7a90e8d24e6,231jkcpkwprb4jhke1fn5teqn478t976
47828375876249,877750072,8af3d9ca0f1b2519ee62,1bfzmnncmst52ssrhbsxkjgf3cjhkvk2
157836405218981,9821133,9266ef8b20d90ecbf8f6,4fhmkdv7n509bpydj9kez2s0v47cqy7p
268526091911983,889732127,cf7aa5179befde48a19e,7m74d54gsftggf0zsxxaa5wvxzf4h8cy
70473634374808,1038540794,781a4c8e9e463ee2c81f,2031nz2s4ryydqztf0d4s3my8rze5j0z
41819993548169,529246060,25fd2a81d98e3f34f980,1613wxr9c9frq9vc4qyjn0eshrzk9yc0
148081406326003,616254543,5a6fcea9b66d369a4a4c,46nqhsyd7kjbpk2fb9qwxadpdmv9mjjc
115587971594018,1068354305,9d305d30fa44102c97ff,3941nzsds2ztvjr1kmr5tc7t8g82s5zz
10454963740728,364007215,d2af394053dc5131d73f,09g8y6cr1rav4ksftaqkjg2kvh8k3nsz
223082706394948,451513246,84c956fb69d15fb8e5c0,6awhyqgqt4dek2wygk4ndyv9t5fvhse0
119215991988355,589877615,cb24b043684463ae9f9d,3cdmhdn843hjhmbfscjb0gv88hhtx7wx
57632780894396,564261833,279d153e1a0db41bbd1e,1mdappxg5wgt3wy94yehafgt1pt1qf8y
98020883271167,870153531,b606aaf3e60196a8ae0f,2s4s1yv3fzsxtz9vpr3anwz606bahbgf
92724414786470,123953324,dd16e7ee243088c625d8,2mamawwax63p6r5cvmbefvh4624cc9er
34472253257368,24114148,7817d77da438a3a8b0f2,0zb8s6hxmr0pzwz4f0bxezd472hthc7j
142737170047688,908007926,dfc49f785c26bef2c6b7,41t6b528p8v1y6fpvz29yy2w4tzf5hnq
138990873092121,602002258,86fea2c237fe1d471fc9,3yd5asw80shy3mtjgvza5ghqzreme7y9
172752792244219,587244019,a73e42eaedcacf9b74d7,4x3rjd1kzvhg18fkmwz45tqdsb7spx6q
204716202969124,728431276,906e3f82ca9979862a9f,5t60t8xj14npnyncj1q3z0pak5wrcamz
209691732861270,561857002,6baebde5916a7a62c478,5yptmkzrapgqtgfadeqbvschd9x65h3r
140904529133980,250580481,4301eb5e6234b8a53ba1,404vj6g0cw7ez3g18c0ypqk26jwaaex1
82279754730211,538067220,5d65463ebac191de530d,2atmzrv2q3g14g8mbnjmcfntr68xwmrd
167519973457150,336452056,62c536ba656327ee65d5,4rbf485f7ya0vpercb2kdek5cckywsen
104119023896473,927427612,28700bba73225d5118f7,2yp8cpy1wsvmev0w51r0qekk49en267q
137051627424984,990312533,85551f471fc9f90c90b0,3wmq8s336rxgdy2ngnahyhrzs7wgs45g
122869338877631,474421045,a7857f4a0f89b4b9eb31,3fqyzmrbnze4e5snmy2qyjgfh6tbktsh
223091777659949,570201397,f27963ef00a8ead4b0cc,6awtd2hs1dgzs59ny9wp7vr0n3nd9c6c
187633729177006,930366779,fe900d9fd09cd2d18352,5amvgwd1devq8h9vzt80v7ygkk9d30tj
117993663931267,1019758882,fbf8499e70f74f8c2496,3ba256s8w3ycgj92zfw4k7kgyx7rr94p
214499576568908,136780710,e1ffe7f953cd45495131,632r9h1q2c42e6x6w7zyfyaksn2mjm9h
21602339185818,1004463885,c14e32423821f0413ce8,0kmpqw1s4txxxsrdr5734ghr47r42f78
208204972658556,245131080,aeeb90be0c96519868f4,5xbhzpz3vw79rst8nvns1fgcjs8sgt7m
26628981984317,373118622,ab33f28d5ec94cab1ab4,0r705g631xb3tnmyncsz53ays56ap6nm
71909039060454,931166454,fed3701042ac784949ed,21ctgbndf6vr0y7pzv9q0422nhw4jjfd
211296548854332,382049167,53e9133d1119defbd02b,605h7vs6hwbcb6wfafmh6f8h37ffqm1b
186532335462908,1068625803,a067561852d5b09f1e38,59msrsgafwzv3vwbm1knc62jtpr9y7hr
226181593800815,860878569,b0899bb1a2b70f47fcc0,6dpr0rv83fsmzxq9p24sqcd2pw7mfz60
26776496647183,285969427,9ad02181ea7e1fd40559,0rb9hs4b0f8gq30kkb8230fafrfx81as
17165170352751,1020695670,c74d7d9e769ef38b04d4,0fkj9y38kfydd53prx6qv7kpkvsrp16m
220095495689183,108328067,0c3c4828d8d385331917,685kwxcmyz379x431gy4ga6rte2k668q
45090868526039,833804795,00254383e62a2de222a5,190a4k6yyqrv5pfv00jm70z658py48n5
114400740585845,560283903,7694c7df3fb4fd9c7485,381fzr2cbngpag7zetacfqszpkysrx45
227875465210085,717022065,56a962e8a36c27f7d439,6f81j2ga75nbsrvhatmp5t53dgkzfn1s
223212787460968,529040876,36a3ef319adebdcfb822,6b0b3eftv8frh1fc6thyycctvtywze12
14020049525610,960080549,7e934111c452704ed25b,0cr1614pvawkkan5ft9m24e4a9r4xmjv
248393066967591,422979184,947e44dcbd9008aaa2e5,71x628awh7ckc9kgjhz49q5xj04an8q5
238660492714371,173412573,1ac95fb044c6fe677c9d,6s1xwy7rc355c46x3b4nzc24rvz6ez4x
74435776823120,526225869,083357c22d120c23afce,23pbq0jftgfnv4ed10snfghd28627bye
8909441848804,207712505,a7ff97304f645d6948bf,0839j1vnf4662w7smzzsec2fchepjj5z
162665517282344,902821172,0ffafe384feda1218d9f,4ky625zx18twzx9m1zxfwe2fxpgj33cz
7140296774349,257596479,b68f0e8b5c0b9683e11d,06fsxdmmpd7nn71zpt7gx2tw1eb87r8x
17314450920556,889179327,2832f886beebdbb65b61,0fqxav4n3ctfzk5z50sfh1nyxfdvcpv1
93253292070396,317518721,d1405ad348a58c7403b5,2mt0wnj5fw9esww1t505nmt8mp6780xn
279523431139571,996869189,c3b571b730cf562eaac4,7y76fd3j7kxpp125retq3dsgsxb2xap4
216152283881616,13534748,87e4fc2c621e7c1cb7e2,64jvg1j84g0cx1gwgzjfrb323sy1sdz2
256717666235740,101563977,d277772a56132184f1e5,79feymvdaw30vfj9t9vqeajp2cgr9wf5
58020365896179,975408240,8207aa0ce7f02892eb22,1mrknms2fkx2733gg83tm377y0m95ts2
238713592641223,555676069,11cba5713918aa02ee33,6s3fbe8xp7ghxwd5275taw9s32n05vhk
146512830715174,602192833,947cf723f78004357597,4582pknn96hy9ey1jhyfe8zqg023axcq
204789313032382,448274968,3d8ae5d8528e1c42a7e6,5t84x43m5ydbg8gr7p5ebp2jhre459z6
54421537457262,472011814,38272f50c5876bd9d2ff,1hfw06h13ee24n1670kjym65gxnxkmqz
280576545722542,543616148,5a1e25d0cdcdc0d96ba8,7z5v8ne45eg6dv4mb8f2bm6dsq0djtx8
154694942860174,757722956,0296e14dfa729cba0298,4cp6whw8wepjkvtc0abe2kfteaebm0mr
74033139595995,543798853,fd8dfff2f0c6b248c8c9,23amqfsepvg6kdj5zp6zzwqgrts4hj69
199917513674070,210976789,ef8074998d23d5d18c8d,5ntbp663ap696g0nxy0796cd4fax334d
194149223107818,85023967,1fb77e22f86ba57162dd,5gjfhqm37a2h2q6z3yvqw8qrdejq2rpx
229023298232031,977185876,c89729f5fd182f691996,6g9ej5c7pzx3xb2ms2bjkxfx30qpj6cp
226010049718036,996072947,c13606d3d5cb1ffbb64a,6dhr8bn9rmxnxqfkr4v0dmynscfzqdja
172899260108976,937269192,f6b46bdc72873bf5c95f,4x80zfp45gvxv5y8ytt6qq3jgwxzbjaz
267142612731656,297036533,b3465128e9ef03dad519,7jyvy8jhr88v8tqnpd352a79xw1xnn8s
108514671178181,116856106,75f1afe1b67a66780b7e,32p656vce53fe59aeqrtzrdpf9k7g2vy
274194575892028,286648591,01ce2ceb253057600183,7sc3k4q7hw8hbt8f0772sts561bp00c3
119920156853942,759019437,ec4b8e901ad902b150f9,3d24b5khnppkvdxdxh5rx40tv41b2m7s
266143160575880,215989245,bad29802e0386bd1f6e3,7j1s48q9w86dzezxqb99g0q071nx3xq3
112018143954358,519212162,f6f4fe9b7ea04253d298,35w50tvhdpff5342yvtfx6vym1157mmr
158566290166170,137693487,74e6a437c3cb87120974,4g6wbpc4ct43a29fekka8dy3se3h42bm
4106179517576,764093988,921bf44ed52d1783620d,03qg5ny748prp9h4j8dz8kpn5mbr6rgd
3593821477323,1066528805,f192309e9012a2b59ca8,038k077pebzs3w15y69317mg2ahbb758
231245864416585,200823008,5b968ea2c7a4d9eff6f8,6ja4fsnda95zgm70beb8x8p7mkcyzxqr
194505894892808,969746825,884f02bf61d71a3c6ed6,5gwvqcb588wwtac9h17g5fv1twd3rvpp
161425542960889,507973286,acae886ca55e0427743f,4jt382anqsf4e3n6njq8gv55br22ex1z
131201500817486,777589931,74c0e68ded65b470d13e,3qaexdka2eq5j55bek0ed3fdcpt71m9y
119970297622432,1044846465,4a843102b3b8e0893779,3d3k1fjbx0z4e5w19a2320nkq3g8jdvs
84432021131845,737768794,d83006e11046f698e77c,2cs9ea14j5nzjxatv0r0dr8g8vv9hsvw
129310461183557,453969318,d6ca3493465ee499217a,3nkdr1nhj5dgy1d6tv5394t6bvj9j8bt
4455065920975,178324356,851bb7521a708da88f9c,041n39y9ef5a20w4gmdvemgte26th3ww
85688087272495,839950899,7f661a39b720b6e42539,2dxv801q1fs118hkfxk1medq42ve899s
175170038680333,828727957,2fe0972d4868ee5b01b3,4za3sywjrdrparmn5zg9eba8d3q5p0dk
21848418987929,857580619,a77d2a4d33a7e817f252,0kvvxm1bwsshv92bmxyjmk9kmzm1fwjj
139284296485848,172302550,99a9ddd2fc3f3f336bf6,3ynpkg7jyr54a86pk6mxvmqw7wzk6tzp
44526495775893,79665205,5725cdd942132183a2fa,18fwgzdf4n2bz61nawjwvpa22cgr78qt
243418495118836,544688351,8d3ea52a3c15c206aba6,6xcd4exvfmg7ej6zhmzaaahw2q10dax6
25337403026201,680119906,fe1596886ca84ba9ef82,0q1d9egarsm8kkk2zrasd23cn15tkvw2
142198997811008,582380570,bef5faf49da7cf9aff77,41ah4c0zt0hbcv0tqvtznx4xmz7snzvq
32658725083364,264255096,9eaaa0a1c535e5a6b191,0xpfsva6747w0dkrktna18e56qjtdcch
73813974654914,412962519,d6bbe313bb5cc97803bb,2348kvt7y2c9tkpqttxy64xvbk4qg0xv
120104390911121,866443719,f33cb92890529f68837e,3d7fxrws4hst9re7ycybja4gaafph0vy
164973756763963,583091399,51b244cd18ada5b3bfbc,4p1bs2pksvhc2h67a6s49k8rnpjv7fxw
199713749062655,371268220,23da2aa7090b61bd026a,5nmdxh3mzzb226kw4fd2n9r91dgvt0ka
219356522688755,967668634,12139d8c58d3e7789743,67g3nstc7kwttwwt289sv32rtfkqh5t3
177629526256133,748130863,3a79e3d698e23f6fc748,51hpcd0tg5p9f4hf79wy7nmrw8zpzht8
150946681336850,396070709,bae09e425a1586349e03,49941n4d0jbsq3snqbg9wgjt2p3397g3
191288535108058,1004264618,1f34fffce486d71dd3b2,5dz7ajyjetxxqq5a3wtfzz74gvbhvmxj
101950083294523,1043972175,de29d63f5cb6d21d013d,2wq4d7zs9vz3kg2fvrmxcftwpv91t09x
83756335598624,824135359,fabfa97c910dedc9645c,2c5m5a3310rhyknzzaztjz4h1qpwjs2w
73605094709327,435078390,a5e66109ebd242cb13e1,22y62rc62fcyxh7pmqk622fbt91cp4z1
217881104114752,109870256,1fc726ee874b4a774a8e,6655jx0s2038rz5g3z3jdvm79d57ejme
237508003061898,349947360,17fc40d0bb990d9f5dc8,6r0cj2er4aadqhf02zy41m5vk46syqe8
271962885019820,160778446,4f677994ab26cdc0fd56,7qb55jep5c4saj6e9xkqk55b4v6w1zap
106113703853565,269905583,15a5ef565bcde29bb6d2,30ga2szffx81cvnf2pjyynjvsqh9qdpj
62712654202880,872066123,1625f349d2adb6f2c9bc,1s15pqm200sznb2b2rjz6jejnpvf5jdw
128376198425519,1010618536,fbf73ac317ba142fba9c,3mr7mv8txfy3sm58zfvkngrqq8a2zemw
15601316988920,608826788,5cb6a8051b0b27382d91,0e61vfa1zrj4kxd4bjvag18v1ckkgbch
51104399912641,53410374,cfc62a18938dcf059c32,1efansmvp11jxyj6sz32m64khq7gb71j
232421709505335,1070994057,ed809dc5a7be4c688f1a,6kcbjpxrsqzxc4m9xp09vhd7qs66h3rt
154836564894948,299860066,a1a6c5841cbf4526764f,4ctas75s748xz032m6kcb10wqx2jcxjf
119231543894398,725165762,2d9a191635072732228d,3ce30x3rbynkj9p25pd1j5hn0wkk48md
95244660800910,716257346,52ec2c483432a00f7f9e,2pkzg2rzcenb2e22abp2rj1m6ag0yzwy
164466606712428,886648046,8c97df09327ce8748088,4njketq9kctdjb7ehjbxy29jfkm79048
204604818397155,539920458,65728f618655dbe3d5f9,5t2s2ra5z3g2x22acns8yrc6aqdy7nfs
137589408785521,100000203,8a3c1054abec4b8258bf,3x4c3xbs3h2zbrebh8y10n5bxh5r4p5z
225765296683678,705920181,17b972b033b528ddf6ec,6dama4zemyn16z5n2ywq5c1kpmmdvxqc
227440696092837,88279251,ff40be0d11ebfbaa31da,6evcmybt552m626kzx0bw38hxfxtmcet
30705727063277,901697991,72bc8f801d7342f8c51a,0vxmxz8h7dtvxme7eay8z00xed1fhh8t
68573090036931,21669430,cabadd475672f3404bf9,1ybqnarf630mn9hpsaxdthtpebsm0jzs
107643926816301,603067697,0059f7822fd0bdd071b8,31wv70a9hdhz459h01czf0hft2yx0wdr
169884354534561,623711397,20845597d5921a8f837a,4tg949nq51jjt5554225b5ynj8d8z0vt
67113361893783,1026209153,f83856c82d496038a23b,1x1861gtcqyjndc1z0w5dj1d95g3h8hv
91050027409188,468860811,151742fad60e62f4c1d5,2jswy8mqs4dz4fwb2mbm5ypp1shf9gen
193647993590444,64284399,868ad239d0c2b4f70d82,5g3wqxx4nc1x9sqfgt5d4eegratfe3c2
236846887253568,663298412,1a84b8eb2b82a103f237,6qd4v99dj0krj8bc3a2bhtsbgagg7whq
117366356554200,537743448,18a2a260b53e9a01bffb,3aqsxzvcerg0tm2r32ha4r5n7td03fzv
61267917205499,953086610,3fe784709a52c8affa44,1qq4671vzvwcxwmj7zkr8w4tab4azyj4
168304491279242,279593178,37c3cd6bd9f9e3b24c53,4s29rpncwa8amg6t6z1wttysz7hv4k2k
50771536560823,622661808,49a44a9af457e29b8750,1e5mnpdgnqjht45g96j4n6qmazh9q1tg
240580750145636,9594579,4ed9e3edccf0ffd5cbac,6tst92dy34094spk9vcy7vecy3zxbjxc
281346756992068,4891791,92dd93598717af59c1ec,7zw8jr4q2404n94fjbes6pc72yqnkgfc
198017922966551,788497289,badca70d9a6da1aa546f,5m32hza90qqfz0w9qbeae3ctdpgtmn3f
241625950486431,178625103,54004e072001753cd414,6vr7pf4zwz5ab6jfag04w1s005tksn0m
272894279728855,953850907,427657b355f38dcd517a,7r68k9nfpqwdn70v89v5fctnye6wtmbt
25614616575585,46083213,a067ce3e325cd9819f77,0q9ff1yfk11byb4dm1kwwfhjbkcr37vq
126034748450576,418381956,137bc1c859fef1b97502,3jm306j9rgcf00442dxw3j2szvrvjx82
143982659997598,592080606,1a3674b6d76f034a7acc,42ye9mv3wyhmmvpy38v79dpqdw1mmypc
102770588558145,731950083,a001090ed799cd652673,2xf0j6s8t1nt1b03m00gj3pqk76pa9kk
119864191530782,159043001,7d0354037c90f29767b1,3d0g78xdry4qnkdsfm1n80vwj3s9esxh
174461294710538,618290155,3213fd6a8af543cb0b73,4ynfqqz3rajdmpzb689zttmayn1wp2vk
271917097379549,707149582,b80ebbb9d31e2c777579,7q9tgzyspxn2cfreq07bqeek3rp7exbs
272557675407329,922737327,4727934280894c4b5ef4,7qwf3prsz1vfzpnf8wks6gm0h564pqqm
5380523424711,199983214,23b5455e4df9da1151be,04wk02zyy75yq03e4etmaqjdz7d12mdy
11131880702203,738785732,0db6ec59a1daff056178,0a3zbwq07vp0hye41pverpd1vbzgarbr
270810367580269,781421627,82c59bba68ed63371e88,7p9ksw5p3dq9731vgb2sqek8xnhke7m8
151974437038432,226801837,a653066fecf14c942572,4a7175bab06r9e5dms9gcvzcy56989bj
256367839896864,175114689,f4f0014f9fe8d7154c2b,795950es905702e1ykr02kwzx3bhak1b
21466617901843,956799209,0f11c1780901b17773ae,0kgrb24wrkwgf6791w8w2y0906rqewxe
250958902269519,117382513,39da203cc6550bc2b53a,747vp3j5jf3fy7bh77d20f66am5w5d9t
1853550241580,934371504,2b633532e0f67409fa54,01ny8389scvv2r5g5dhkacq0yst0kyjm
210140664181560,255258135,f2dd8ee174a0bb08be3b,5z3wqt8csr7kdvgqyberxrbmm2xghfhv
1820957237889,475757164,0513d5cd18f81f62eef6,01mzwr4rm1e5pykc0m9xbk8rz0fp5vqp
162751476082527,240371582,2c9c484a0a6254cea49f,4m0p3yp9tz757hvy5je4gjgac9acx94z
90275059478787,350785819,024d921668ce2c724eee,2j3b6dmc83aeh48v096s45k8srp74kqe
183855196316753,870130616,9ef5be327bfe2ff46b43,576wftn92hsxt8xrkvtvwckvzrqz8tt3
71742005869941,983103625,3acea8a5f898514fa90c,217yycczbnx9hy497b7ah9frk18mza8c
163224049969508,228280823,c68fb7d00c42b3546901,4mee7r8tb46spjfqrt7vfm0c8asn8t81
41833751372456,643176987,0f091c1944e8b916d710,161gpy7rn8k5c6gv1w4hr6a4x2whdnrg
37982112665437,881647942,741f3ae39f4031135a46,12hdk5aktxt8sra6egfknrwz80rh6pj6
3800135740541,513247218,57e02ef1341caf71b4c4,03ek4vvb3xf9f1zjazg2xw9m3jqq3d64
141541646518648,697331493,a56baceabddd7f5acd5d,40qcxrzjbrms0vs5mnntstnxvnznnkax
23056270185579,682950926,309416a6b39573d5992c,0mz0tcpn3bmba08e62a1d9nkjnsxb69c
63165038774507,311765253,9489dfb4644aabf126aa,1seb0v5j7b99aa85jj4xzd349anz29na
218216193505835,399954314,bbebc9872db58342b56c,66exnb5ehbbxdmcaqfnwk1sdpp1m5dbc
19069531729627,206228638,ba2ecb7d477a83780fad,0hazwambpv64nk4yq8qcpza7fa1qg3xd
50403805355666,745699595,4090be279c6bedcdaeb5,1dty6ekqmjp74y8b828bw9wwdfpwvbnn
160623509002644,158626011,608314a25fd7c97264bb,4j2r9k4pcm4q8w6vc21h98jztz4q4s5v
220729979710342,833463774,e37b6625c94eb6932965,68r2t0gaw6rtv9eywdxpc9e99tv96ab5
180903789415125,394847078,258ae30aeac7a70690c6,54gzs1pjpnbrhrv64p5e62qarykgd466
101207786056382,808527777,741f6ee7caf0dba8951b,2w1h325tnyr329x1egfpxsyay3dth58v
199162613160260,767826050,4f50ff1918a78dc1397a,5n4cmcypa4pw86429x8fy68rmy6w2ebt
174863784324816,26761829,a9d0152898bf8bd948da,4z16jvzbpg0sgpk5n781aa4rqy5xjj6t
79288370005180,514883619,a2742591a64ac5eb2f49,283k1j215wfb1013m9t2b4d69b2ypbt9
35676056267739,894585898,daf96507674c5ab380db,10e9xajayvtn4k1avbwpa1v79hdb706v
203079808223606,7203268,885859e11316a2236847,5rpcsx92bp06vte4h1c5kr8k2th26t27
105960766761673,480671180,6b3399938d07f0ee9d1c,30bvmxstp9eacxecdcssk4wd0zrex78w
215865491989596,1071089179,94534c0de73789fa6b5d,64agczg92wzxf1gvjh9mr3f76y4zmttx
134788723806709,274616924,fd9f6af75667f5defcaa,3tjvs014fn85wmjwzpfpnxtpcztxxz5a
85767852431718,5167366,22f5451dfbb730903fac,2e05h616b604xp864btma7fvpwr90fxc
94686214979698,828928385,3117eea341317583ef4f,2p3qd3b03jrpgwc164byx8t165tr7vtf
279450794344332,198345440,eb138f83e1cfaf5410fe,7y52tn8fwc5x50q0xc9rz0z1syqn847y
75167785518379,437195767,84dff9054875754a9e22,24bnejf19bd0y4zqgkfzj1a8entmn7h2
250251848262105,930686810,90e6f9dc38ca14ff138f,73k968a8esvqj9ttj3kfkq1rs8afy4wf
178246110063788,158263730,50db88f1926cc9398f31,523mm15b5c4pxtdja3drhwcjdk4kk3sh
257544459871664,755907006,2656726b6462ed0dd90b,7a7gz0psdgpgwedy4sb74tv4cbpgvp8b
166809305157570,410490815,da2adfd6eb1736db44cb,4qps8p23y2c7f5xzv8ndznqb2wvdph6b
222507078873847,211677572,3c1feff64637dbcd6b08,6absvpawqq69vwc47gfyzxj66zdwttr8
80364271093275,891621404,864ffc8d6211c90f5992,292x1x9hgvtja40wgs7zs3b2274gypcj
147495380916544,700510425,b948ca015fcd029efa31,464nrwj6a0mw1w6sq54cm0azsm19xyhh
280814991920445,1055653992,290d101a890352666663,7zcsaxek9xzer038546h06m90d96csk3
222714624505892,1049701316,af4db4668eca9b9dadf7,6ahv518y14z92ay4nx6v8smesadsvbfq
124126740545871,228766988,7b474a456acd6739a1be,3gwj14e0af6t5d8cfd3mmhbasnkkk8dy
105905289972667,514022605,0d76991af6121e3a069b,30a7zk0jxvfa6q6d1nv9j6qp28f3m1mv
219538204490474,132836696,589d3e06f95b84b4c2f0,67ncwb2yqa3ynvarb2ekw1qsbe2b9gqg
261539856440929,1038013556,2302e671fecae2e56c76,7dvsz3sqk1yxxn3m4c1ecwfysbheav3p
60428491360751,591229611,f79671c05ae965715da4,1pypdc62ffhktwnbyyb73g2tx5jq2qd4
278470721672537,442477132,1aa26bf3a35d8067668e,7x8j2745asd5zajc3ah6qwx3bp06esme
267666371693477,1038114591,54f0ecb0f38f0757b005,7ke3qg1jx5yy0qrzakresc7khw3nfc05
46147681260975,142536787,4beea7afe68abc3c2036,19z2c2c5df47xw2k9fqafbz6hay3r81p
98437340098889,116776469,fc9aca4bb5f9f74fc745,2sgwxb0wa93fbqgnzjdcmjxnz7vmzht5
111269123722778,827208270,456ba11ce7d361868071,356be9g3gtrmwcje8nnt2777tdgrd03h
204178328681078,791979563,6c2793109b0a3a045794,5spbwc0ykpqk99hbdgks644v18x08nwm
228812098794890,1006907098,c7428c9566174204a95e,6g39vxwxcay08bptrx18s5b62x109aay
223595615792101,755452853,06c2f16627ebde1cae53,6bbfmm1az5pgejxn0v1f2sh7xff1sbjk
254216498282171,607712564,4e8ffc41e6c0ff7d6281,776nj16znvj3hx9m9t7zrgf6r3zqtrm1
113407492119935,954043073,ac0b1e4efec4f39eb8b5,374jymgqbzwdv2p1ng5hwkqyrkssxe5n
135941132068274,397854761,12b0570d8ab297140e58,3vmd1e69djbvdj192ar5e3capabh83jr
159529851801291,1073359896,6fd50ace91b812ba2b30,4h2xr2bkpbzzmb0rdzagnkmhq09bmasg
31719067127637,556666612,54f40295274ed5798ffc,0wv4nvn3tngjw3qmakt055979vaqk3zw
230418335677300,875911883,2b07c6aed839bdb350e5,6hj1sgrevmt3appb5c3wdbpr76yv6m75
214792477923084,374203242,4d759f25b9afaca37e8f,63b92nhnrcb4vrva9ntsy9dsnypa6zmf
53611119278157,544233179,0edb9ca897ae49992cea,1gr97vgy2dg70npv1vdssa4qns4sjb7a
274076213574347,401456113,7b6365d3b739e8311b02,7s8nbnkypbbyvezhfdhpbmxq77m326r2
189325312798505,341661279,76d26ec23c03b3171789,5c62y08bs9a5tnjzev96xghw0eshe5w9
13291795191148,334122179,009f9e52981382dcda4a,0c2tybp5bc9ymk6302fswmmr2e1dspja
25120330730083,954335396,10b707e98c5ffa876672,0pv3467jk3we405422vgftccbzx8eskj
219394855161595,926049039,e0b5b67f8926f6e7a455,67h7c6gkqvvk4rrfw2tvczw94vvef92n
104417170603816,311450536,5e96759c95a7b3236ed7,2yyy25sfs8990px8btb7b74nmysj6vpq
51619802980325,581918043,eeee1a61dc3f8064dce4,1eyap0a7z5hayqavxvq1mrew7y069q74
83844502549213,413670002,2f7fd671e6794f312275,2c868wmwpxcag6kj5xzxcwf6f57k28kn
113081082735577,141072937,b11da4d59ba231f6a7bd,36v2yw8tys46h6h9p4et9ncvm8rzd9xx
150094836209956,307784875,87bf84014539cbcf4387,48gappa69495gv5bgyzr80a5775wygw7
135883074388196,792856922,43ff9bf57ec1d368c0dc,3vjpz62g74qm42at8fzsqxbyr79phg6w
82006549004698,49712132,bb02d2c2452179c6b2a5,2ajphkj0ct1fd304qc1d5gj545wwdcn5
185637196718875,679942425,02037df3212d25e785ad,58tr3jnrrvm8e68s081qvws15mjyf1dd
115442125905693,884157555,498b465f4eb61974d541,38zsveg7rxtb6b3k965mcqteprcq9na1
162962481036040,706492387,576fa2b47e2635c66e5c,4m6tmcper8n1rdz3axqt5d3y4rtwcvjw
14540258676247,713637502,a3f49ddc9fd6e4a520bd,0d75nf83gqn8jfkymft9vq4ztvjaa85x
175115915970190,273276905,c1b903bbf9689ad03cbe,4z8hczehme84kqz9r6wg7ezsd2dd0f5y
179474669681703,653214373,af18c044a936594a9edc,537csyxf17keygn5nwcc0h596scmn7pw
81600281642643,360433545,d16520d2080745150f21,2a6w5wt1mkaqqhw9t5jj1mg80x2ha3s1
46065046932845,906551390,6f4375bad63e8f976360,19wndc4kbdv0hr2ydx1qbepp7t7serv0
186954680535413,531823456,3d31273ac1c3c005a6fe,5a133n52bnfv5yv07mrjeep1rf00b9qy
121423382348042,978396698,66442ee6c444f51e1139,3edwas508ax529gtcs22xsp48kthw49s
47264152663410,585388457,6f6517ab32ca1872d8c2,1azj5gfdbjhe8md9dxjhfasjs8c75p62
138506026904594,406826818,d49841de6593b7403790,3xz1s8gv0jc3zbt2tjc43qk5jevm0dwg
166309401366469,727868185,ccae2bb4dc330bce166e,4q87pcn3y5np4rrssjq2qd6w6c5ww5ke
235110029217356,723236588,04c11087ab3ccb6c5a88,6ntk8wckjcnhqdqc0k0h11xb7k5prpm8
73575392586976,659415810,98e84a00a22e408ed1dc,22xadj7b70kmvrr2k3m4m0525s08xmew
136086596525157,215582377,a51befa1ad6210ef26d7,3vrmgkx7356dk1n9mmdyz8ddc88ey9pq
33128069213308,199076385,4555f194210ca7f8c705,0y44xcrb3w5xvah18naz35111jkzhhr5
67068457232754,939699379,5aead650f8d8207e3177,1wzybs3abjw05b5kbbndcm7rv0g7wcbq
62824200481975,198563786,4578769fe556972741d3,1s4dk2eb5q5xbnya8nw7d7z5atbjegek
27501311025618,718218547,3d9b1427a938a2fff3c2,0s0cjxzrejncy99k7pdh89x972hfzwy2
236350436303232,466330184,74eda44ef510c3edfc0b,6pypfwrrc0dwq8j8ekpt8kqn231yvz0b
254557176874399,624630146,6ea3abb09c35fb2ab8f5,77gjv1mhczjkp6c2dthtqc4w6qxjne7n
16770599320146,517727849,a3c0f200479786311612,0f82tstyjjfdqsk9mf0f4027jy3325gj
125314538053102,51276317,2e54783cc264676dc28c,3hz488d7fe1gwtgx5sa7gf62chkpvgmc
118028745142859,978999305,1120feeb54588ebf0949,3bb2tptwjbx5mp0924gfxttmb27by2a9
221339277299076,675547873,4f386c2766b5ebd13bb0,699t8fz3c4m482q19ww6r9v6pqnx2exg
141503882341208,37880431,d242d435534b11fb2338,40p9ra8atr1440kft91d8dak9c8zp8sr
238576126274001,256416309,8eb1706325702383d68c,6rzfam4aeh7mh6hnhtrq0rs5e0hr7nmc
271144763363724,761124915,782d3f388482fc59f240,7pkb7mv4ccpnvp1kf0pkye44gby5kwj0
174418846152889,135496564,9af7fb18d590b9f5f71e,4ym86nvy5s4170vmkbvzp66nj2wzbxry
50686909789869,483855992,7d7e4c6434b7bd73cd09,1e35vm1dndede3krfnz4rs1mpyyq7k89
28813869907960,222719228,73d6ea25494378fbac1c,0t6k07nzzr6mcv7wefbem9a98dwfqb0w
60070318161130,216494785,ce749ab4995646f4eca8,1pm8tzkf7a6eewp1sst9nd4sas3f9v58
257518008199305,35106184,a93383f38567d52c6caf,7a6rapdt4911fbc8n4sr7ww5czajrv5f
114276563989987,933524254,0d4f8c12a7464d8c2a1f,37xwb01df3vt8wry1n7rr4n78s6rragz
25682450935184,56406719,8f4186b9f4e8e0fd962f,0qbemntvcg1nscnzhx0rdefmx3gfv5hf
10352072055655,911127732,9a73d1850ed9a86d19f4,09d93s7pv7v4xd5mk9sx318ev6m6t6fm
135555775023277,318251976,f4cccf3dfd32623a8fe1,3v964x2j5d9fg8y8yk6cyffx69h3n3z1
122000838835516,566879745,22f2900780502d5a0760,3eyp4ajf9wgwksg14bs901w0a0pnm1v0
119245982522266,887128039,313425c02cbef57c3e6b,3cegf6vpwtte0zz764t2bg1cqvtqrfkb
82349656099107,181640443,5c23f783ee14bfebbcc8,2awp2zzj935d777vbghzf0ze2jzyqf68
39309774803466,598928876,ff0ae33f11d3242ba976,13r22jkmgahv5vfczw5e6frhtcj2qabp
61688912619440,344860002,4501ecc5c656756464da,1r3c8vj9xga8w9b28m0yshe6astp8s6t
94119528707209,303173928,c99131865478e30b74e2,2nk7mh6d49914498s68k31jmf3hgpx72
244324255859846,393619693,f4568b5cbe6f07ea2ff1,6y6rp7p146bqca7dyhb8pq5ydw3ymbzh
228995005116832,636522623,eb69d0fb300886c50bc0,6g8m6yywd0jz143zxdmx1ysg123ca2y0
159020279872980,460980251,3add50afeeb529d7c82c,4gm35mpfemdqm00v7ben1bzepmmxfj1c
158123784593515,976741633,7772377eab7a025c9480,4ft0805r3bx3fs81exs3eznbf815s540
197627147138607,387586905,876f240a883cb04d7376,5kqpkyedhfbhm6tsgxqj82m87jr4twvp
18221434128158,903528247,33fcb5dde090ab963f13,0gja11qhrytxnfsq6fybbqf0j2nscfrk
236516539239834,204201559,764b65289ac565960bcf,6q3h64w3ct62qqjqes5paa4trnjsc2yf
208971991550058,102086114,d7f4a0785b1cad59ce90,5y1wan623a31bdf2tzta0y2v3jpnkkmg
29797447477109,490650980,c344be13a17a9e28b1df,0v3714b9vnekxfb4rd2bw4x1faf2hcez
127699005966195,871660393,4a0e80e93f9c9597fc58,3m4gyy71vksz8yv998781t9zkjasfz2r
157836653672893,989202540,9c08cea6ae1eb7b5b7f3,4fhmttsedxxfc23ckg4cx9ne3tvvbdzk
53192821680098,518832877,1d92758d1d29019945ab,1gc3nkv9z2fesgqd3p97b38x540sjhdb
149014323514454,255407722,08da2e360b9c34704adb,47gwcx3k2p7kjdka13d2wdgbkgt70jpv
205166159500426,957010929,0a2637d2b719cab3dd25,5tk3w0x54awgnmzh18k3fmnq375b7q95
41438102536355,116558207,6bf8378cd661ec953215,15p07p3g533f52bzdfw3f36pc7p9acgn
147930838743606,815880077,9ac4edde8813194c303b,46hbahgehpra2nwdkb2evqm82ccmrc1v
95309562755039,478030444,c90807f578ecc8a09a82,2pnvya3dyze7wakcs440fxbrxk4a16m2
103890742441676,790811041,e95454d0971e5e6440fd,2yfkscrxpcqj5md1x5a59m4q3sf68g7x
128988658508543,934377787,4efc1ec52b6de8fa9f53,3na21jq8qzvv2y9v9vy1xh9bdqmfn7tk
9409020095675,841142572,08a372ce2d2e1256446c,08httmsv5vs25m9c12hq5khd5r95ch3c
106003030840396,658760658,e03daeec57ef7cf83983,30d30fz52ckm7ryjw0ytxv2qxxyfgec3
194358343112592,274565578,0b3f73df7ee3ccc40cdc,5grja005wg85v2ea1czq7qvywf6c836w
58680164672920,911950228,641900e90c401b2be8cd,1nbt55xscrv5pgcmcgcg1t8c80djqt6d
245133267322527,127740147,b6f944b8d038dc7a2bbc,6yya4n4hmz3sta7kpvwm9e6g73e7maxw
51933435008189,157134026,6c341173a2d69036d0a2,1f7erz455x4nvb6adgt12wx2tt83dm52
194879820865479,702718691,ae0422d3974c79f3369b,5h7qz7y7y7my58q3nr225mwq9hwz6dmv
275100958280923,462448389,dc210a1bdb5421f4a5f0,7t6fqeak6vds0sr5vgggm6yvaggz99fg
9178769509604,723243836,d289730b0083bcbb0ece,08b4cmqk74nhqmswta4q62r0geybp3pe
73100134454838,99929096,d47310179fa06a744336,22ffsrr5hp2z9k08thsh05wzm1n78gsp
63938024058783,109276985,9480b2605c560a1ccc02,1t4txkcbwz386vssjj0b4r2war51sk02
110401823064729,1000118084,6cbbcbd3760411ea074d,34d3pq4gmsxss5t4djxwqmvp0g8ym1td
145702154488420,462780017,dfa91a7ec41f1f3e929f,44gfpjjjk4dsaxkhvymhmzp43wfkx4mz
216429099389744,61901752,18dd697271da8a45108b,64tx9sd4sg1v12xr33epjwkhva54a44b
51178426348278,945969624,4f9ddb2bdd472020ea16,1ehfkyrcqpw64per9yexpayx8wg21tgp
141207073231287,888791720,786a2d42348b18e428ad,40dnaq14dqtfkrn8f1n2tghmhcce8a5d
263084790032220,54096212,fb4888417bde394a0ae3,7f8rsq99tw1kjwamzd48ggbvvrwmm2q3
129887323885285,29392743,d8baada562bb219a299b,3p46zwt3q50w0zv7v2xav9b2qcgsmacv
95201935198711,13399511,fccf94c40c908c302970,2pjqprf2fq0crxeqzk7s9h0cj2630abg
155100581775106,1060771459,df1d85c306643e207a20,4d20nh9hr2zkm5m3vwerbgr6cgz20yh0
218382287420472,695095713,24cca829e59ec46f7c12,66krbanf1rmpwmd14k6agaf5kv26yz0j
182933875828362,17155412,d68a394f042118c5381f,56c2eaz9ma0gbhamtt53jkr444ccae0z
23500760766800,681980142,7d10947a45716f4619c6,0nbys7ypagmacc7efm898yj5e5qmc6e6
39505631187745,951801248,82361a6d5198359e97c5,13xrfht4s1wbpnd0g8v1mvahk0tsx5y5
233245456585061,726668102,b785806905a15268e4b9,6m4ar9bmb5nn04t6py2r0t85m596hs5s
189768820945607,805411769,3dcab6a10bc3570e3988,5cjzzjjwp7r036xs7q5bd88brdbgwec8
105960768360517,562261689,06f08a683b5d0c7c0eed,30bvmzam25gr6vns0vr8mt1vbm67r3qd
208143900271349,1000228933,e8aa173456560cf1ce3f,5x9s3ksrqnxswj25x2n1ed2par6f3khz
89649867399147,248600904,1ed3e34f44325ff9c6a3,2hh4y807zb7d2pa83v9y6kt469fzkhn3
9559537825546,55110128,7845ef75d5b82671325e,08p70dpdra1mhtfgf12yyxenq0k72cjy
266680001678480,210313865,a86eb9c515efa7d2efe3,7jhd3c9k4g68j8m9n1qbkh8nxykx5vz3
37562144428009,872380943,07fa1f2f9c6f65fd5356,1256f4d3z9szyygf0zx1ybwwdxjztmtp
184998063282891,477903260,94058a16f2ea5d3d1a63,5884vxh6pbe7recwjg2rm5qjx9ekt6k3
70679119510682,798657919,61e25938dac79046ebe6,20911wzf4tqsn3bzc7h5je6try84dtz6
109919561414951,1059944917,59708d86684a793ae178,33z2j6jy97zjtyenb5r8v1k899wknrbr
1144124546600,585557608,101104174222729a53f8,0119hj67h8hedsk8208g85t249s9mmzr
183992896080069,1024655305,56b4bc798fb287900fb6,57awqkcj65yh5zy9attbrycfpa3s03xp
58673000253095,962019145,92d7a3aeb6d2fa82a207,1nbkfnd1n7wneft9jbbt7bnptbx858g7
52545166530202,505412819,ad1331baa89d0bd2871e,1fs8fzrnmtf1zz6knm9k3en8km5x51ry
78539460370086,377746259,c7ecac8594bce94e4875,27dsja5qn6b87wtkrzpas1cmqkmmwj3n
104745641245099,987008270,9a07e9f6681db35b362f,2z8fzbsydbxd938ek83ykxk83psnpdhf
10302057740759,975080370,75c24d8aa445586b3aa4,09bth7vyeqx1x2xjeq14v2n48nc6pen4
133206922190035,1065336731,7342d88d61d5825f20e9,3s4tkmeq6kzqzfwved1dh3b1tp15y879
14672712080193,818683122,bfcf2bdd3a6bec461620,0db10wn6t1rcr77jqz7jqq9tdfp4c5h0
189071575210715,419838601,cf8ac1cdebacaf897b42,5bypm17ppvcgcem9sy5c3kfbnjqrjyt2
53064360273923,818486455,7d0318e9533478f0fff9,1g8c15ga03rcj75qfm1hhtak6hwf1zzs
114005161634863,597998049,4bdfc57ceb4a3f0641e1,37nzjjjv1fht9ef19ffwaz7b98zgcgf1
58954050111457,317813058,5a597111fffeed164fdb,1nks7ke1z19f2wa2b9cq24fzzvphckyv
158839141253666,428119546,b2e251464287697f16d5,4getf9egh2cr95ftpbh52hj2gxmqy5pn
244532478470077,922334416,c23939b7e5454c3cfa62,6yctkr7sxxvfkd6gr8wkkdz58n63syk2
263595585326347,543975807,3c446f16aaa5fbe568d3,7fqmgkmk8bg6rtbz7h26y5namqxyat6k
9296634554603,31512521,f608e499a0fe0304a92f,08ej59ka7b0y1ny9yr4e96d0zr1g9a9f
182508845632506,939595353,3cc068e03cd3ab91f100,55zpkek2ztw025js7k06hr1wtens3w80
111538828694526,932124540,af5f3297b894a5296ae4,35e6m46mzyvry5vwnxfk55xrjjjjjtq4
112466564848239,644562733,6d1bbc5a2140200976bc,3696mtb6kfk6pfsddmdvrph180g0jxnw
147407731291193,216139669,cf2280a67489759a0848,46244qbx1s6e41wnswh819kmh5tsm228
118933243185624,824793920,84d7537bc92312dee2c8,3c5d6vcjerrjjpt0gkbn6yy94c9dxrp8
177887125712459,7454470,4ad7ad30d33c15d7978a,51s69f0bjb073fr69bbttc6k7gaxf5wa
29866547180983,232606229,15796a5657268fa4e67d,0v57ceyxdq6xtjgn2nwpmnjq4t7t9skx
2656750923305,309777637,199db7918f12a5170788,02da9b3vh997dn7536evf4cf2ajhe1w8
12969846344999,688860274,cb2bcb567b51c4ca6c25,0bsf3hb397mgyb3jscnwpnkva72cmv15
139441563833873,948451276,280c8a5c778080228aba,3yt92e25ghw8gdyc5068mq3qg20252nt
240462602988047,234488231,c659f10bb4389fd8faeb,6tpc80gtgf6zm0d7rscz22xm72fxhyqb
45117086637235,887042111,3ac0ec9d1ce0b87c6de3,1912hyr75ktdyc1z7b0es78ww2w7rvf3
149371734596893,87056796,de86935db664779b93f3,47v98jw78x2k0rcwvt396qdpchvsq4zk
63522790345020,565156459,e2a13be6268035471097,1srr6nn29wgtz6kbwagkqsh6g0tme44q
53620940028108,416334716,fddf35c9d882f9e25ed0,1grjchae6ccd1gvwzqfkbjergbwy4qpg
18185327106684,8382817,3d6f1c70c8d214309b53,0gh8czcpkw07ztb17nqhrw68t8a316tk
234104289549088,1015759676,daed412f05a0ae8b3211,6mxakg9ps0y8pgswvbpm2br5m2q8pcgh
18776386778445,142125520,1e94b56ad8be4cfc4d0f,0h2evxtdad47haeg3tabatprqs6frk8f
96366076182686,617897865,589d29a0b1f68ad328a9,2qmkwvtg4yjd8qw9b2ejk85hyt5d6a59
266426906515202,289107373,7e2ae4dfc822a26ec0d9,7ja1chy5r28kpvddfrne9qy84ah6xg6s
198443288788218,390677057,678cb941d03552251d6b,5mfepvrz7tbmjgj1cy6bjgeg6n92a7bb
148564617054573,1073051300,aea45aee5617a5e5db4e,473sjkkjbdzzaxn4ntj5nvjp2yjybpte
109933158979487,584893164,691c6f87fd30da08a714,33zf7e7nwzhdsgqcd4e6z1zx63d0h9rm
23071758543766,770048129,b8dae9ffc99edb466165,0mzf7zhtwppyc041q3dekzy9kvdmcrb5
127012539596563,411197527,cdcb98460d90b3605370,3kghmmvzrkc84r2qsq5sghgdj2sp0mvg
79249021935328,892575065,f4542e9a4eb0f2eda071,282ecwt7q0tk77asyha2x6jep3sev83h
194886941030485,623523864,c769ba7cbbeca5f214ca,5h7yke8e2njjme0rrxmvmz5vxjjz456a
93027792702516,189183128,405cac13b59e340f5cde,2mkew8kk1m5mdd4r81ear4xnkrt0yq6y
4521455574980,366358931,ae9fe5f3a4064319622a,043jxw1qy4axccckntfybwx40s1hjrha
81207211883121,294467161,89f1f20fbffe5df78474,29ve3g8ykh8rtdjsh7rz43xzzsezf13m
214786454622157,974517007,4c594c7117c36e3a537b,63b3f593ydx1bwrf9hcmrw8qrdq3mmvv
62000482176030,484742443,88004252315a0d2beadf,1rceebek0yee959bh0044mhhb86jqtpz
231740095056433,919143414,658ea488e578ff78b551,6jrgs0qjhhvcj0zpcp7a9275f3zqhdah
211132086509174,584209705,ec75a338a3334e19447d,600r2g8qkphd4n99xhtt6e536d71jh3x
226746518497982,730462945,514607c0988362ac745b,6e764v0tnynrkyq1a530fg4rgdharx2v
72611727522034,700914576,f01e6e0477cbbf95ab2b,2218y3ke7jmwe6wgy0f6w13qsezsbasb
201546728345224,358339947,a4cbd3df76f76e039665,5q9s0jc3m8anqnbbmk5x7qvpyxq075k5
167841607769341,692329278,d6b67c1b3099e5907d05,4rmtnphq7xmm86syttv7r6sgk7js0z85
255087655993711,63938905,d488a2b5a46ed9d87b4d,7800whygbf1wz8astj4a5dd4dvcxgytd
131263932976340,681225404,f196dc8fe84f392f8d72,3qc921hk6mm9nb5wy6bds3z89wwjz3bj
280700453081090,368150240,354be8b2f6f252a9e6cb,7z9encpm02az31q06n5yhcqpy99akspb
34978853202133,847746081,c7f7a505e441b03a5e97,0zt0k1xa6ns8f511rzvta1f486r3mqmq
217428334432665,833309602,06e819bbf68ff5b70be1,65qzxa6mcsrtpjx20vm1kezphztve2z1
110073357463757,907221196,5813568ce59522bd2680,343hsnxw6dv1666cb09nd375jmhbt9m0
192898356273577,1042913459,71c1ec54a1a38793e14f,5fe2k01rd9z2k65ke70yrn51me3s7raf
135110617854718,128619198,3ae1c27cdbeef0001c66,3tw7j63wqy3tn4ny7bgw4z6vxvr00736
234329254343015,988594940,5eec6a7cf9cb56474310,6n3w3zecb7xesgqwbvp6mz7ssdb4egrg
13691504306116,745185012,6ee44d655980ea47e5e9,0cef6m09y4p6n7qmdvj4tsasg3n4fsf9
60321403184262,953774904,0adc74416be4c9587ad5,1pvjnwy946wdjwsr1be78gbbwk4ngypn
106556427441099,956825986,ff3292b51dcc845d7ff0,30x6d034ybwgg0c2zws95d8xsj25tzzg
170693262845847,957618912,705b30d30f3ed81f774b,4v7tfmr9wqwh86q0e1dk1mrf7vc1yxtb
67352053888602,1026484574,f37d6c8f0601b8943feb,1x86fkydjtyjxtayydyps3r606w98fzb
20982284689922,603874751,32c036d281f3f8f2eda9,0k2n8t08g2hzwsdz6b03dmm1yfwf5vd9
57702606796044,1016688314,889a93ef4abcf91f8594,1mfbqp2x8cy9jvnth2d97vtaqkwhz1cm
82296381449117,226419186,f70211331a9617c95383,2av4f9a8wx6qxrfjyw112crtjrbwjmw3
34166262789630,68856534,a35b5935b9c9f2adc592,0z2bsz9xfy21nappmddnjddss7savhcj
35614228634247,479422699,7530b018eb84a5ad79ab,10cgaq4pm7e96t7bemrb067bgjjttydb
30737942945612,903448952,6dfab3f8dd2dbea2ed49,0vyjy2q7tctxk2brdqxb7y6x5pza5va9
160569392797887,173405917,ed59211fff8c272062c7,4j15wsx65z55bxpxxncj27zzhgkj0rp7
154271006152201,477858783,04f21586959cc78ea5e1,4c9w28ang9e7q2yz0ks1b1mnkk3rx9f1
242895446990130,652273170,13e4d9a5a6f1445372dd,6wx60dbq9jke1sgj2fjdk9d6y5256wpx
109371269580592,262944343,9050117486bb4ca43ee3,33f3xtr1sg7trdjqj1812x46qd6a8fq3
216627740650006,786184070,07a1978f5e14fdcb5352,650p9rfagpqdrdw60ygsf3ty2kywpmtj
176501319013847,490885642,aa7a8282bca798998c44,50gvn6r5eqem4mgan9x850nwmyc9k324
83398707304102,743283706,0ad8cb325e354270ca60,2bv7355nn6p4v6zt1bccpcjy6n171jk0
146103910840429,368304767,e7fe37edf0b53e7a1c22,44w5vv9e3daz7rkzwzz3fvfgpmz7m712
49339807702859,194133526,382db787f616898e3962,1cvz8vc7tb5s4fgp70pvf1zp2t4rweb2
63237714638811,784932258,5e322038af57606e898b,1sgepr8xyvqcj7d2brs20e5faxg6x2cb
207622524163388,796570535,e6599fc01aba4f5ac665,5wtkhcsn9wqqncx7wscszg0tq97nnhk5
73105871735437,387821267,0a5fb85179df60a5e560,22fn4r82mdbhvbpk19fvgmbsvxgabsb0
41732878869530,61336662,52bc22da347ed6686d4c,15yjrpq90t1tfv2paay25phmfvb6gvac
52222982076865,643554504,53bd58b221d5f6356a31,1ffwe4qee1k5qq68aeynhch1tqv3athh
247866637911528,714850630,cd5ca7feb5464dfa8715,71dvsef1f8n9qga6sneafznn8s6zn1rn
239757673614217,177432654,f9a09dea70d80cec4dff,6t1vqffjw9596t2ez6g9vtkgv06erkfz
267941487790892,914546274,8e94a2d4ae0e67ed2894,7kp3yk6jscv85qk2htaa5n5e1skyta4m
115099334380776,57623526,176dc0c95d95c4823fbb,38ntkf13781pygz62xpw1jaxjq284fxv
157898532001682,767332735,937a72da7906d6fe8189,4fkeeyj5wjpvs4bzjdx75pks0vbfx0c9
195432870806465,652911145,b0cfd725ec911a0e7dc1,5hqv1df0y1ken8h9p37xe9fcj4d0wze1
271698445319652,840861412,6a317cb339ff47bd5b6d,7q3ewn3ff4s1x1q4d8rqscsszx3vtpvd
42340331149626,392857720,77c60003b72fd6f28a0f,16g8g6bp9tbpn23rez3000xq5zbf52gf
262249652905278,391828788,942dbe0350bb48224d29,7egf0pes9ybnnn9mjgpvw0tgqd424k99
153944687704532,392648447,2ae0f20a8a17dfb754f8,4c0c56syembpenqz5bgf42ma2zfven7r
150433795739473,872259870,b21253a0e64e3e0db130,48t6cfa3thszv88yp89578769rz0vc9g
89282978298366,941095175,c73bd347056d24bfb7e6,2h6f839efyw1fy87rwxx6hr5dmjbzdz6
142862749638068,814007504,6923a4bcc76dc53b3369,41xv9q37dmr89h6gd4ht9f67dq2kpcv9
250773553781060,216330514,bc4f0fb5c7d9f0d6479a,742f29f6a46e9w8jqh7gzde7v7rdchwt
83822375947077,166940715,7e5bb8e22b07672788fb,2c7hnf2jt54z6m1bfsdvhrhb0xkjf27v
193685506770991,902268484,a45ddaba21e19afc6873,5g4znx8j1ftwf1j4mhexneh1w6dfrt3k
120748206236360,303551534,a46be4e729fe57355c8d,3dt7gz18p891fn1emhny9ss9zsbkaq4d
33099779513916,608769826,910352bc45ee5fdf4492,0y3aj9k7hwj4j5s2j41n5f25xsfxyh4j
209972296722710,99962603,5b2ebb1363bafcb45b39,5yyzy2ha8p2zakqbbcqbp4v3qbyb8pss
207417003134126,385260710,b983aaa6d2390823ac4d,5wmm4cnk5ebfd756q61tn9pj74427b2d
82171290018142,528147733,2edf09c66a601da1bf5f,2aqfz8trayfqns8n5vfgkhkac0et3ftz
3050316462497,520127727,2a4bf24dd953f8da385f,02rrtgeyd1fg117f595z4kesafwdme2z
133416821562509,588060917,f23696bd1f804bce46f3,3say34374dhgt67ny8v9df8zg15wwhqk
9902386649213,719742739,388faa90f68e944f58ce,0906a3t63xnecsrk727tn47phta4yp6e
180551243309203,141347215,b1fc0b3c32f9a51a6f81,546qebh84k46sjcfp7y0pf1jz6jhmvw1
236038331423018,468066837,5534fd5529baf5c88192,6pnktebp9adyc8gnamtftn99qbtwh0cj
196120207721694,774575129,4a7dd867d850ce25c29e,5jbv5n116yq2p50s99yxgsyra372bgmy
272137711620298,379155415,b9547eefd53a12c4ea16,7qg7zt346ab9jwyqq5a7xvyn789c9tgp
134477606759142,997914973,f51ef9e33d287efc9e99,3t9t0zpaq6xqnyaxymffkrsx51zfs7ms
124055398805005,219257291,d946361430d9e6c25cbb,3gtfjzmvgd6h36ebv533c51gv7kc4q5v
184782151912692,362251408,e7266587043a25dbb156,581vs8d37masf14gwwk6b1r478jxqcap
146745981978865,817924065,c53ba038ac722f80cecf,45evv21j7hrc11z1rmxt0e5ce8qr1kpf
258260348706758,573985377,27f3ecbf43bbc315158a,7awbp5g7y6h3cmk14zsysft3qf1ha5ca
278051416148828,766301858,6cf010e16864cd6ce2f6,7wwbhy72twptsnn2dkr11rb8ck6psrqp
191767306515979,936630490,44714b92f0e1b0131891,5ed572ydgbvx7p6t8hrmq4qgw6r1664h
126739993110641,635725871,e23288a867e3d4e69fed,3k8kt49a3hjy8t1fw8s8ha37wfaed7zd
148084676379023,191840819,82d46bf4be478dbab3a9,46ntk8ggcf5pyghkgba6qx5y8y6vncx9
247931676840097,726055194,d3b2d1172473ba39c670,71frbrdm51nmde8ttesd25s4eex3khkg
198491502873662,63875828,bc6ac92536b5fe726181,5mgvkra31y1wxaqmqhncj99ppqz74rc1
5758720513192,623133783,2881e8137211e3293288,057k77v558jj8h2q520yg4vj27hjjcm8
54554185609712,571477050,5c735f9ae89ed8c990f5,1hkqhdncfgh1031tbhsnz6q8kvcck47n
199761838823431,760987426,937d7081c5629ab5ce8b,5nntpq2p07pnqfs2jdyq10e5cadbbkmb
228302329211679,243471529,74c8578c2c60c29116a9,6fmf3kqtrz786559ek45f31cc31925n9
189809134838140,81142822,449c668d95afa2f2d1e1,5cm5h0x8bw2dc9168je6d3cnnyhf5mf1
101756035517647,1028376106,2e9704b4e8de9dfb4436,2whfp5kk6fymqhha5tbg9d78vtezph1p
89061164558014,630349375,469103bd44136781c1ac,2h00nh79nyjs4qhz8t8g7fa42dkr3gdc
182058333693763,199673899,e3e44cf5ec704812cbdb,55jk14xst35ydj1bwfj4sxfce1415jyv
280159518573711,1055154089,f9435944a7850fbf1d7c,7yspw9bh4fze8qx9z51njh57gm7vy7bw
8865473199319,238490740,20c9713d158d90728df3,0820kp2z6q73e53m434q2f8nhp8753fk
254068874931891,931634694,0f684c2c4e5468054a92,772c2gkvnkvrf7g61xm4rb2eahm0ajmj
181552476550713,2524513,61b98dabae688203c5e9,553vxdyxhs02d1b1c6wrvaxed2107hf9
86538222731937,861529360,11edf67a9c06fbd956d6,2epk00d0n1snks8g27pzcymw0vxxjnpp
124455160274997,111294415,643f6c7f796bdbb6b22c,3h63wswr1n3a4dyfcgzprzvsdfdvdchc
25637282598191,104184242,14080536ad054521cd57,0qa4jhyk9f33bedj2g40adnd0n2j3kaq
125944253520783,606761899,c34a602905cd2558a2d9,3jheq7w6wfj2mwxbrd560a85smjnh8ps
214329765073439,156571397,60714bda9b226e8b84b3,62xt4r64gz4na5r5c1rmqpmv49q8q15k
24694425855045,17846554,f11b6cb36d73ec2b7391,0pepf7p9250h0m8ty4dpscvdefp2pwwh
233105092092190,762807246,f1742e34caeaa9ca72e2,6m0813b88ypqf0yey5t2wd6axamwmwq2
214654930938810,374357605,4af9a3983cdfc60dd927,6378zegtxtb50fk59bwt761wvz30vp97
167479067045114,844474400,8dc833d790570d7e1dea,4ra914rv7ts5ba10hq437nwgaw6qw7fa
62335376369547,24105192,ad7e4e7bcdcae5ad95d1,1rp6aze9wb0pzm78nnz4wyydsbjtv5eh
123620743793959,635704903,5d6f8e6187c0012e69ab,3gdts8ak97jy85j7bnqrwrc7r00jwtdb
138650054207700,985461285,9fc0d46c727fc6aef95e,3y37xkna6mxbswh5kz0d8v3jfz3axyay
254867158517187,332473450,8ac1b932c6111f4cd002,77skh75he39x293ahb0vjcp624fmsm02
47967462814535,729635370,df06c3cf9ab937493025,1bm15s9wt7nqtphavw3c7kwtq4vmjc15
18625901378332,195399461,54a9fa46d15fd3d82648,0gy2q3rerw5tb3s5ajmzmhphbz9xg9j8
205429878905323,416750215,5bb8d02190a554173d22,5ttsffapfbcde6m7bewd08cgmna1ef92
30463444501193,712243184,e119bd1faa5f8972ed42,0vpk9ckgp9n77xzgw4cvt7xaby4q5va2
195888104387031,688494035,f871b3528af07de95518,5j530e1ceqmgk5ekz1rv6mmay1yyjn8r
124998913694815,816007804,df3c812834b0eb49ad54,3hny9xj72zra6jkwvwy82a1mp3nmkbam
267077560975586,64922034,18f0be716099d7ca2791,7jwzbjcg721xx8dj33rbwwb0k7bwm9wh
26811133325646,833558057,153bc66b4af8a73341bf,0rc9t17waerty5h92mxwcttaz2kk6gdz
86522148198534,1050149248,8afecb7c99540ce9bf3b,2ep40yh646z9g0c0hbzcpz4sag6ekfsv
74782313543993,95298499,47e24e3d7379d91570dc,240eekqy9s2tw8y38zh4wfbkf7chaw6w
173141564974164,970822394,e3b55bdecf098be314bf,4xf2mqks2mwxv4qtwetnqqpf165y655z
24965664664871,250456258,5fd295d8a23f10a2de73,0ppk2s5v977eva62bz99bp527w8a5qkk
132455508593203,468756718,9cdfffee5560bee9c4c5,3reysrkjhkdz1a7ekkfzzvjnc2zekh65
4826705405450,999076290,18bc24c2c7da4484572f,04cf70z9gaxrsce232y29gp7v9288nsf
53820264737870,900712542,0bd58064cf3e537fedd2,1gyc0w5v2ettzj2y1far0s6f7s9qzvej
52891308325813,676364542,98eaeedb00ac9759a0b7,1g3avt9yxnm5107yk3nexpr0njbnk85q
122441057566550,306842262,4f7a381fdc8590ffe6a3,3fbg3vvztp94m2mp9xx3g7ywgp8fzsn3
